,F0,F1,F2,F3,F4,F5,F6,F7,F8,F9,F10,F11,F12,F13,F14,F15,F16,F17,F18,F19,F20,F21,F22,F23,F24,F25,F26,F27,F28,F29,F30,F31,F32,F33,F34,F35,F36,F37,F38,F39,F40,F41,F42,F43,F44,F45,F46,F47,F48,F49,F50,F51,F52,F53,F54,F55,F56,F57,F58,F59,F60,F61,F62,F63,F64,F65,F66,F67,F68,F69,F70,F71,F72,F73,F74,F75,F76,F77,F78,F79,F80,F81,F82,F83,F84,F85,F86,F87,F88,F89,F90,F91,F92,F93,F94,F95,F96,F97,F98,F99
2018-10-21,29.733586062938045,20.83748326143966,24.61131742071092,32.843814359363535,30.40870897070138,11.85306517123002,24.424448590044225,17.240191349547178,17.554177195196157,20.905587339553016,19.16696389184808,27.713031607143904,23.191352036116097,19.021063407007286,21.122558906329296,20.403843953293386,27.972666236799007,16.88927014814498,20.26943577500075,12.65652942273325,1.5753722743337235,22.490703141363863,23.86577591688662,13.386605478059552,33.032065050209916,8.741226181425233,18.525892654859437,17.00650953702405,28.22509065350379,27.811426304931338,19.238085056672997,20.69402134347646,12.436783953151206,5.307543980458414,15.958147801384138,19.247226722983164,26.252087731748475,26.070037350162785,15.701062832403665,16.255638340660965,11.388168371203733,8.965261735670927,7.098161103362244,30.951500399508937,14.90318696465414,15.370058766223291,10.055982859208886,23.29866548705017,7.700666264708886,16.83981590792808,12.386685301739622,20.751028471747855,14.895666728535682,10.526672294074988,18.04360889542684,21.021254494352945,18.661292781556774,20.200323892232635,14.090018618935026,15.861424488114356,13.841258498486273,15.882218473301851,12.923625163001931,6.967628728152215,19.38470408024924,15.606784817028634,7.594345100821402,21.24595957469298,12.309511525985378,18.56624700879166,22.98297439904018,19.068729665833153,25.65925128311435,10.173190456792158,20.851731379427537,13.760707074756384,12.547593291847678,14.451841472236373,16.195305984228423,18.593771908804303,10.62765697695512,24.10313415282548,21.26474578051318,8.207171041119246,27.93466000275118,30.59350114066669,25.91610286494778,17.05385697224865,11.243369537015987,25.105165680076347,15.597679237769398,26.200914181635948,19.585917800588277,24.597626885928783,20.551854588536166,22.836103099190794,18.29591660937007,29.8758964808326,19.05522260815559,20.849433622921417
2018-10-28,29.704954709118766,6.626199232749251,7.980734922434403,24.445882568603515,9.922342690937311,26.069639418469883,13.527589632253134,9.731003537787785,27.21961945811246,25.089164734813195,27.221853700755773,22.876338284625277,10.330139807131927,27.46622041778555,13.7332299125905,20.553402684874772,23.203629818592688,13.516179030222384,19.294408559928527,19.58846776113749,13.531207848623545,8.618720332088989,18.04482020332042,22.389292891961134,13.634981733045029,11.714914348025461,12.057769549483936,26.61561950805439,21.467090869875204,19.64647169661335,10.034764258742344,18.902012384541358,9.125402592196934,12.12468334344949,10.170044879664452,19.470740897186538,20.398198869816447,15.237672199380393,16.84243860140134,7.254870328223882,3.560624955778181,15.607370759305496,13.407757884294172,21.838490000743498,29.623870073830254,20.345292699932195,7.033275630544366,23.25754869511855,3.8733055070406603,11.505379509546778,13.0673837538814,26.572968450186575,9.220228194895745,7.702798775160196,14.14523345335074,11.130885712783247,22.275167366423037,8.229526650088664,6.411929508866692,11.439885171673136,10.59186006842144,26.88579354160484,19.826169336716994,12.86225924859247,7.096649937467295,19.74562667737932,5.908467754160744,5.433232681508111,21.244110399040853,16.972464809883796,21.906950322067065,17.09735253331948,22.092475089420596,8.767277849150714,8.674342119673408,18.267906768013123,8.30846181273704,9.480281982259342,11.39960137532077,15.025396486772062,10.807111324907552,7.184816686877625,11.315298916143007,-1.931748720872795,21.094662674858927,7.166235276430005,9.358204664250446,14.904586772471676,8.430972935363066,26.443284367517265,5.803406210171691,18.367669604039747,14.878762679415514,8.645505310658208,18.76579025533573,14.74855976511648,19.878318321741794,22.82540749277786,29.125244671899644,24.13734496229387
2018-11-04,20.56163145363813,14.653942181536541,24.35202086360332,26.60139139498567,22.80439838915003,8.482084984673673,18.23821724054578,11.473170913790165,22.109087790450157,19.748010553003184,26.502028018169103,23.147011346941508,22.589883383561798,17.552671743056177,11.70657391341694,16.60380544458253,21.08600464937421,19.55187673317765,33.70768189539108,17.432774405963585,8.173519793510287,14.696291271255998,16.29356571755992,21.607575295334616,9.873837987511479,15.663036775104858,18.056694929249065,21.565942242129353,16.953688698843198,18.815333291629365,7.415739953103914,15.739154194861555,11.771120171263117,17.45702376610423,8.620877287499784,23.927883128965213,30.012265761120897,5.567948536177999,20.401339845131822,19.97228167180948,9.717042864644636,13.575528242658267,14.478355378174799,19.467038476179578,18.34674089759977,7.420836301651443,21.9409965466958,27.435080980212792,7.996254485108332,7.052167770935467,19.590314604309636,16.940008145387154,16.688511743603463,12.57505289632358,21.932736378520584,21.79416551960773,14.629445534910701,7.442328211845998,4.664228023639367,20.412700487995924,8.133241146186528,16.61039123120173,13.919099161972394,14.856477086987272,3.438188716048261,19.49019225161551,17.158700656166427,16.594501233522525,15.993173297682958,18.78584077930019,22.636502509568984,0.18197708541807245,33.30030399355722,17.38049808489292,12.424006578274076,15.053529251877368,18.36766920240413,14.986441936048768,3.235384002298863,31.18233633709528,14.65413549907462,23.565467702967467,12.832740364164259,22.102747064315327,22.582784896738524,22.011438230051226,10.899902440501403,25.320252945357705,19.446511993960314,29.917923219360183,11.018372752406169,16.66029597827968,32.884155958625975,10.412814144839196,18.014606853151665,25.81021975571981,19.39565845795494,25.24640167785387,18.369347021945888,22.577604065239413
2018-11-11,10.082713433872993,22.85636929039795,14.202843707427357,15.031785993339582,20.09428785993896,9.824475535449363,5.836003593725323,2.595738968355139,21.39760570996945,15.380767944333462,17.208875127504292,24.751576926399235,7.44477082440102,11.321066972638123,10.145727459031322,15.468701162042542,17.07461008327891,11.94261236395137,18.06805924847284,13.124047312723292,4.487503745551616,7.3192574415613745,16.604145673879835,9.541468487061188,6.287575666354624,9.484121783496908,12.41521033444465,31.29014250399665,11.55289114669969,22.347610221531532,15.662177302785516,6.654385929817256,15.735236620778213,3.810622356361792,-6.704391034449754,20.11325420284732,7.18602027748172,15.145632535087444,9.963796684683107,23.554359144189505,16.0848392614658,8.803203969514302,6.840944698978154,9.230418830635454,13.209777643116572,10.238008519585872,9.917681606300514,19.180010778597346,12.056955447294946,12.919706567840029,8.151081457592637,6.648798723421386,21.04920815688017,5.869172104143253,10.361723589134655,11.062068850007678,2.4517035217569667,7.491932575517303,5.711226622992111,17.552713109237523,14.873450662339827,15.373389495057364,19.1877407530409,13.517192571711735,9.29677440380772,15.763711369346538,9.445818026125929,9.749978007688455,11.995310627260086,7.113857038141234,18.62716469786829,3.890668929746213,25.08517990755711,9.960079289332441,12.22085657521149,16.427608336269035,16.246734394598587,1.5062333523957374,8.323700675832736,22.670027885286054,0.31430460827070306,17.1147016717065,-2.205030738181998,3.8483766506909394,17.565656157309576,4.306837926584217,5.930733713540202,5.7783710376599995,22.88889871614217,20.589106817642005,14.069694072002157,13.815981999314184,15.115827160603272,1.4027296471573756,12.975646028408343,11.276773693390986,20.675437777181404,25.921576083552292,26.131132361767136,22.446372487360236
2018-11-18,13.955033321122608,8.3757678670548,20.976243342215206,21.968139719384194,6.367670752979025,15.646702811510227,19.065962127687396,10.96022793482188,17.860990977174605,12.09483346128162,9.62504180960971,25.701947439499897,12.29767581877919,14.665822519798112,24.567908899440567,20.632441082396312,20.88217076683294,15.494490900332675,29.46946050797519,26.0581094231083,15.361870033132517,16.40031806290812,2.7306849859524522,16.0256226875807,12.4623212722328,12.85056770501149,20.538670437079336,3.1938872535903364,12.57581814505016,20.517935675161965,10.017665342342454,4.595502610905948,18.671940143992995,12.77393594030379,1.5729313129086924,20.27894829386897,22.592399007157724,14.077522245002214,19.81730646226884,16.85555789110967,9.283950449210899,4.707316986661855,10.931556236212769,17.80768170127734,22.326007269103403,12.079478766784586,15.919598935108642,13.272256665896657,5.204922472533546,11.608776233209484,6.30883867902582,20.43922844758089,18.351355279997975,12.34883683630989,17.043764913356164,28.053569323098955,9.881505981715794,-3.2763760465377274,10.610420552300136,15.263990117532233,9.144634881789806,10.145601596380601,12.790610129959783,14.158034440112289,7.2720986092327315,31.86176111341391,5.319899417988829,7.747570712921935,-0.4038810121140166,15.629297527262274,5.233809346121015,6.565619097071275,20.21044815151454,7.766985681363832,24.4884487190291,21.59421798820943,22.776251358831463,4.86203881743961,17.9061793007581,22.63381077772669,15.101413854081866,23.048276315248287,4.439658364014618,7.422777333950853,24.172569755097225,-3.4681932916421037,21.956641925651155,17.998526185784655,15.439211601131287,22.373365953004235,5.661337792406914,13.834286650152904,25.25400486373954,19.212279648569876,33.2122411014619,15.817845795261176,13.221004258234988,17.97769809527093,13.256632940862076,18.80672822025626
2018-11-25,21.251430375766983,15.565826257240603,26.028869259534087,20.415507566162077,14.812328685305921,11.834487115461076,6.076812084146926,2.2118715699796034,12.880101147179058,26.439448675555603,24.548422143374413,32.4019356884564,6.945304628297297,4.780187556002517,13.283185512838896,20.095988906462914,24.0365444658011,23.387434884740827,25.41905738815104,30.511682210618453,10.98875716976343,9.278207131084097,4.12321468026631,11.377379470459193,16.47417664286494,8.354368241008483,23.6590757933993,28.023580510120883,1.7717635367387174,26.565318724016173,-0.4562897297050448,16.14858501212501,24.045988307087452,13.573294104957162,-0.09210775173145969,16.64504623261249,18.509924649402418,14.637325222985888,16.224231469046483,17.518675150239105,14.448561231280593,4.457618669151601,11.562383306275917,28.504219069927366,17.16716887638612,11.541363665702503,22.41633772150642,3.228823676601916,18.640088130680095,9.820137084317388,14.481914391244453,18.698375761714214,23.933918877569823,10.968524120753756,12.68420411391595,28.08263173896451,-1.3947649432194495,9.754453489502694,2.5867465340088227,12.327502348036107,26.653251850178357,16.575589399125114,18.05725547215589,3.3966859705421637,6.832619200073148,22.729963154225768,14.262100994575693,17.55379173870677,12.99107390556901,19.57132441625649,20.156937055708905,-0.8681108809626021,23.619923338797964,18.136886495313824,21.32544150559734,15.971918633017726,12.631703552291285,3.8015051088223037,13.124307501404825,29.29357538873525,0.24829051552011627,15.318017600932382,3.3720581718589937,16.46186158082321,17.973965976865415,8.65500847234351,14.670613299953539,19.8841421411937,14.88599982882646,3.1658049428776884,16.184203199835128,20.24134220597501,20.038013985497603,7.358463765736553,23.65912212457839,20.440197569562958,15.25782322492922,20.937513991303977,14.108610522364966,19.810489055351496
2018-12-02,7.284819465426326,16.540786643879954,12.409741465719328,21.23190812254435,5.477315199672642,9.002654957537732,11.685106889913383,-2.618939319145886,17.668909023835468,15.470824939587573,6.740368193987903,15.03429408423159,15.703302383317062,18.64810182822447,13.837746154208219,19.927697520259688,21.056870323058344,18.322421649126817,30.45059824290469,9.957169703946388,14.605706704278532,9.479886348050352,9.23491104648128,11.977488793492427,10.883889481968376,2.926699825448348,18.20191369687873,29.86648993774505,11.458110937982113,20.27055531417491,4.456481451067835,11.43369898044991,18.977796071079243,8.910625693756444,1.493601823210271,20.313265305520126,11.924118150549061,15.285015259291482,20.67994910499331,25.02418639860396,10.860368328233841,17.564234301787963,17.612173702245048,12.415179196856826,9.24648966638922,9.874688619698421,21.759924021415802,13.767765264590466,6.833202722069979,21.21745122740664,13.604962397561833,1.1554228982457673,19.320687426969325,13.792523306533212,15.661488335377246,22.538405193364174,8.191551245491244,-0.8676656049608003,5.0592536925442175,8.087522895811949,8.48730846675505,6.642416272909458,18.103000868744367,11.116660675904775,5.672936505440713,15.58145104104932,10.396835096736229,19.556003988121596,-2.045203952147981,17.446756132730307,12.384682103267014,-5.8355983039135495,8.821926410257381,6.383259850285785,17.856753337084086,18.454083500903845,8.657578600097601,14.165406828461954,21.147934220154198,24.23206712764087,4.332420030990632,24.066235811287445,12.138072648229018,16.233482555366585,14.572789406730482,-9.375687909584618,27.653644634112553,5.206647747926549,14.715234214880839,32.16522173727108,13.67524248796046,22.29452966098205,9.427735806769203,-0.6793605796670903,16.487096162954995,23.71853223264481,13.454223308541607,14.929457521892656,18.17951463562719,25.849785059847957
2018-12-09,5.11022130894542,5.9528582236798755,11.453548903865476,26.58519495508864,13.529151847686773,25.307547488479873,17.76785526667899,4.959418596594979,24.755137912236272,18.1824648970579,10.362321332558592,25.470681178230173,7.520504317387202,11.645559196291817,22.581242055703697,16.63845432347237,14.103801591258755,13.044762342700368,30.034233399876705,13.383874678493678,8.080900575458536,7.498053539642292,10.984120633432347,10.406704386894225,1.74771923119083,2.7519072161724623,10.607858067428868,28.95002446451307,16.458909381167125,23.524459752564006,4.049332770284922,6.122648242000532,12.728596238675163,3.3367990875983944,19.49109987523648,3.0469334671455375,19.657657122738513,5.047132599624154,15.271083123244555,11.125090432080999,3.0523195316465506,2.6337875277817506,23.249216689505488,15.997658254850151,9.822333803356555,14.457158805663761,16.045112958209337,18.2459323020073,-2.6143151003678735,14.771358038886238,16.611770071187642,1.4589737384178498,20.058057171957746,21.644899276722928,13.841132799265962,25.040343435643084,12.321764881151857,0.595329467793273,6.608099695264224,2.060945596181339,9.672858197499442,14.173595901970232,19.94969995923035,10.199023910196178,12.049926613121613,11.084962039488317,9.268311249368871,13.64549902487537,19.56179799285032,13.56210195005485,11.303524131239252,3.2421351679735997,12.074225289143385,11.668877943933179,13.783027826745657,4.200503202915723,12.436181086454177,6.372086529006381,2.7270614331613015,21.20938845099908,16.45141228617613,21.20172406538636,11.729169952913663,2.5172889092507447,20.416690408911954,5.330845952650498,19.825589443965956,15.518821764140718,5.443149603513753,19.28274456817543,6.478169111193333,16.588173256467048,10.58181371842289,16.27957712185855,12.992374941621957,11.760483190011136,15.106631875806897,11.335429054581958,13.825835528249424,14.386185005043743
2018-12-16,20.38859631514804,15.967913955886551,13.836747222761776,17.275946680092,17.253130827067857,15.950880614389968,15.058203770939713,3.7391238788369257,6.124869326588962,15.15352779863876,9.224021192681878,25.015713573860857,16.411793561380634,7.594512926481097,17.700826097908134,27.24581644380035,12.579769333944924,25.134552832134162,18.083746987944785,15.098621109381355,8.73612707312576,8.924579308137213,3.3642374172048557,7.2716192019727846,4.2590977023511964,8.140322019690942,16.246759278951583,35.96017596165789,20.068414342625275,16.00503549261455,7.4949066256267995,15.521501220352935,14.265705217315578,6.970491723392523,5.983426535535191,18.821703761180522,10.047964171505175,8.186462247823233,17.639954708247735,16.92171803745874,9.338306149227288,4.755892251919667,19.49867817024771,29.361134848389273,15.115210600895654,9.162223461580835,19.695426400555167,9.864607628591143,0.4862025479886354,12.224604932917064,-5.3655739288121485,1.1008354638366464,14.297145539312115,3.020465824021743,5.953947284233615,16.81464231295616,-3.0094743992368116,0.29464944828547646,1.6890635238322287,8.917245809518445,18.25458036703482,12.729590556481266,15.20679127129277,9.496597225721532,8.668565597070357,8.798967377149877,7.806743510285896,14.335172644223759,0.048943192696809135,19.06371171177142,19.651429356589972,-2.210715151552331,13.91721039880722,3.7401449840959273,18.962490974075624,5.102660653754327,10.054303768546609,1.147359291245488,10.080591236817355,8.618840762079545,16.35149280249243,11.049318921837536,7.80125508439675,6.682338334699771,11.809414296326185,-2.4365917575351768,22.033508333426852,8.728161615953603,12.855506460086433,13.03734273864352,4.859313775944673,18.69472788240079,19.957891498609285,7.277932785402063,6.831062810151227,28.107504062477567,7.916107960449992,5.4956786644120985,31.667033133798483,14.717553784708135
2018-12-23,4.276772172073835,8.09228159379126,17.076943544749305,21.046416138487857,7.496094573052775,26.344888406164824,9.692202450426523,-3.3032598231698485,21.473464775680327,24.943168538751408,7.134799017564389,13.168630216382596,18.572973855730858,-1.882464740481213,7.886036618746536,25.337880984458227,16.144890370332988,15.467452784240784,25.24527199334032,14.53862329326769,0.8741495372509309,17.742256930741494,16.79165324842115,12.150400422631078,8.479680316069878,22.301169258972784,13.328667924623305,23.57280704420751,16.071228122674107,28.73035370066015,16.794919705042908,9.349412197716765,16.67468891936493,-1.1138025571661156,4.240435735995323,9.511356487162342,8.319528250221165,21.352621831522708,10.647798774209832,12.433160504317057,11.06655420698682,15.641981797888715,18.275462124293327,37.130180912243546,13.127225696750335,12.378246111150872,18.227105186086504,22.501317073253258,8.135054561196114,11.853207264888649,2.0566308810457388,9.078143049859504,25.748112333171186,7.734310506953497,15.174016668985411,21.179357737356487,11.476586498739703,-2.3502253523028545,20.25221055493381,0.9979495925019943,10.591129938515808,18.529261000209516,17.588327198204844,14.960224234516346,4.836266622576485,14.000687632672788,9.01892313880151,23.56327814186264,12.03067094589863,20.43877263350902,10.448811911943148,7.851445069047852,17.160451242151307,17.790553622527014,29.11815700721101,9.016154171199823,9.080732119203821,0.4038065186563422,9.439118787119007,15.745029453717887,12.54681962765007,15.532612272855323,5.692559054985521,15.25244353073655,10.095158105047236,5.4264430981732135,15.206989707347482,16.661233907229068,21.07335160178848,15.662480834145665,11.55840126657931,18.027342588167954,10.59513063867955,10.286770396757426,16.453722882528652,21.258146231718488,11.50230742426011,14.451534618885066,11.6256188072459,14.975625941328525
2018-12-30,16.01258254341209,18.090624015738086,13.189304078307948,21.49184943464177,14.01100252002935,19.173591674450666,16.57874459154965,-8.45210093778869,17.02175584454077,20.511078857272597,5.464506243222455,31.891730781867928,15.144372141424896,19.383199245785512,9.651383693966327,15.255846979974983,18.61125392669514,6.575642782360383,25.58876240487984,16.668635849546703,14.784596450320638,16.591362860190074,8.097873936761065,4.6784264558791255,20.144251636136524,6.0373890355936375,8.629846401103364,18.53228645553566,22.241348687602553,18.635814405247704,4.555212223873385,12.27794669106609,14.49099782186912,2.150126620231249,11.458662366978166,21.429572615336177,20.557414823179272,18.582597719034617,18.001030776741313,4.259773884715836,20.829864348804495,11.778346746467639,20.535322559717223,31.18473892678695,23.57762176009809,14.524076391617026,20.39948168036253,12.066122947411554,6.512000002237547,7.593125426870502,2.8720091070146525,2.73865268653086,18.37402211902056,17.37456504487766,33.908381413922974,21.89569410534789,-0.9575532110938099,10.6907759832159,7.157690386643631,3.8761265424685574,14.530849521595314,6.421399938434648,18.26408046832807,10.914202818668858,8.7085208566406,17.590447882509068,10.121325927828883,16.465025824007192,11.120668173387458,19.84699376471081,7.769104690785865,-5.647152467574408,16.34263269577324,2.1506534217500164,20.236881901260958,17.41313967032911,15.817524272342792,-1.3433251001344475,5.277426544309791,20.540602060068466,8.836886411353117,14.921630131840772,12.13691420945969,4.157879692539735,12.940777751530108,-1.2564858124272638,11.17814616745402,8.134938289461141,19.216991329418498,18.25590084064137,4.319643451248451,16.340591031545163,4.669025977055201,5.011070700339989,29.737659420191115,19.3074539751333,18.001016644557332,14.272455322020587,20.418962047556835,21.835163123949624
2019-01-06,8.231277277814646,15.612225992525007,27.854024943357434,18.006751633538457,11.396780693535106,18.381344579071126,17.833852721143717,6.39036185978166,27.77043557038182,24.794040847435465,12.346685483818082,33.879482571710234,21.153376297940447,3.9609767133093126,32.35665972935059,33.61717571592739,18.6136965110178,19.754974527781293,35.37354576661323,17.28691874084559,16.649316053415593,22.486667724338158,5.820614307891794,8.527539486906889,19.735325176541828,15.277984598630667,22.17065046145619,25.38161210100127,16.94370184397822,10.454017725890054,3.121169747139236,14.12192847907632,23.147517190690387,11.273578905491572,9.045268932586774,16.507015616303384,19.228272384102034,17.45049514592375,27.360663843452507,16.42043766973479,4.966990973916923,4.184849154481796,29.601463726139194,20.145017980511973,23.554667335547634,12.892286628028906,19.324274383702278,16.451541665978688,16.54405533885552,12.883696518656231,8.524911760000316,-0.4985922765396644,22.743183831300552,17.770380735589594,21.679310602750775,32.28879666199312,8.447942237945018,8.48212212406569,21.662584815679153,-0.6634995886667916,12.730095568094093,24.224654227985752,25.478720092609382,18.018187712851955,15.875157789918367,20.029306998189483,22.65520288001787,21.079120119165598,13.481373780463391,21.017652701087925,16.47139935454006,-3.7360670842613812,23.91351647070777,10.771536070587324,33.910878553931404,14.40929130359757,17.728193806874486,7.793790128463894,7.776406718816583,27.585801835025524,25.523065687345586,18.6578532849546,9.393779478499447,9.063199449661916,4.857664411113227,3.8588655367970732,20.318475669153088,21.577805791574832,24.288722290799335,17.510113632788222,9.188749902259119,27.0716858991253,14.05047765977815,7.622163311465393,30.19225072721173,28.763830001007598,16.65950420031759,12.96306612810583,7.769862320694356,24.563067801705152
2019-01-13,6.840466998735612,1.8411395892296305,29.08845711680187,25.127166557478326,5.704163933285541,10.889627939832309,21.03016263251795,-3.113798654947683,28.695637661716454,25.165856706991995,15.034864399717025,29.031771586537925,17.719218124450915,16.13587236659896,15.504882431438569,24.1098092496929,23.242904834822887,20.392360816114234,19.7624089950689,13.7676858357237,13.482747125599738,13.119058924061507,21.398098462678718,7.881159630292458,12.896419493572633,16.843008219933104,18.5336851539912,23.978533088804916,12.344307493210747,21.39361613629842,14.563665526329272,15.883718770108976,12.780287255862833,18.79265453273303,-0.8675262321930255,6.431649785386718,23.27092450031597,17.40305321377258,15.55461263854655,7.389693103808498,26.463345632681865,10.252942467893723,24.286847990629738,27.010499886884364,21.402717699200565,16.645728535883503,23.833947486480717,13.556509068066378,7.345316139684734,1.3767630173422134,2.4783274272602664,7.878921927867672,27.389772685643923,17.86918850697997,17.12348748925918,15.861354055165906,-11.071679675186662,13.358438324897577,8.364763395663818,3.1175808135756675,14.766053313799134,6.725675687284086,17.342043943708944,26.663521839236846,13.839207609358965,19.59467424510473,2.964159614598991,32.67918233496252,1.8638070685785912,31.62766958704816,0.5760004325095949,10.151101704047633,29.448172429325567,4.927986738200659,26.336492431035627,17.237165762313087,9.168103247715504,-4.029502878602182,1.2168380975399433,24.976387690599697,14.21707418874271,13.926489964574982,16.092445269085285,13.04557911446531,8.366075485910557,-4.2029869966357225,21.33796722875359,11.61679786435703,18.959744250859185,28.77069774895122,12.738551306542371,14.643537953142015,14.84950538793434,2.8600928643649546,32.52281292229771,18.733081138911096,16.79116056852347,16.845045523220175,17.84843445595605,7.683439209001929
2019-01-20,3.764524769689242,10.636974100209638,24.99401583836916,22.7840564501804,7.045493410078616,10.05976138046753,15.839840370272345,0.09600303887912176,27.321223879102845,21.752185214666298,18.084336065909778,24.937847994513547,16.91186369443637,11.246326905631104,14.52558416814536,29.582385278735792,15.966368642338704,15.974836208064346,27.15272176211645,9.663261882542479,11.915490400524433,12.370505857488766,11.729197882741689,11.306174426659704,10.328013061280702,13.349406779152874,27.22899559543032,26.373746013515916,25.466071866754234,23.959698231231513,16.192528287305606,10.241054240733314,19.225853152765964,12.720381489864105,4.274986278185158,10.890803209886219,10.526741670629768,27.85012115066578,13.817899923329591,23.55059519192836,13.517531292537337,5.865119794107983,27.477652385250853,23.116842129036254,24.7431003595493,13.575536201578956,25.096391739686553,10.966754435738578,16.070867565090353,15.185716192432736,2.251848822254728,25.577298086631487,27.46217376250669,31.611694744823197,31.112192724917737,22.84141914730975,2.1015295649728305,6.737080875056448,1.234861419751594,2.674309611323359,17.54028024403724,25.610010189423306,15.898356706797445,24.0225156525553,4.9450348263436315,15.784694819367186,9.804306967383651,25.597844087433657,13.86488598047248,30.021387957953937,18.11978902970194,6.465920475579537,25.648481476791037,21.284144050462235,22.698294466147093,21.353663787411687,3.3155818028703017,7.804690603096377,6.5521392735545385,24.089144977348756,23.26063009278399,19.68103436267031,18.810935814889667,21.92072430727916,16.550467350721473,11.333831351661576,18.393598987850577,16.108896524920254,16.879151374217116,29.43869061337952,14.730901048161813,17.521207062952136,16.87605633191321,16.296570096366676,25.968975194807467,17.210492727969676,18.433779926901686,4.2012898368897975,23.88763848053905,16.66049136571131
2019-01-27,7.78456979378662,18.407299854587855,14.248702281111704,35.953298450380956,8.522145717318383,13.232846482412768,24.302759904246788,6.858524224680802,40.49141095389237,21.796341437633952,14.02675265150278,18.066435820837626,15.811957221384084,8.072275108185739,15.324448215078,14.820351091323042,30.681566544607577,9.143582499370096,9.017614200891895,8.239798031615912,9.391667308679946,8.239395122266433,20.627144143919125,10.482901664200227,14.308223405454461,18.215685174473283,22.255391130412693,32.659885229103296,12.215908077991408,18.410793745398582,16.3978417227752,-2.6047379535523874,9.499071549019508,15.084535825381295,4.010865862147364,20.92704098804897,23.107368255148007,12.249122223931508,21.156499995335956,24.35987376630161,16.61423450481186,3.620351766157512,29.84122227726337,30.22360568622948,25.18314562256482,19.699861354492064,2.909446364908778,21.377574154093804,23.437071467099926,15.341204452106084,7.928542608084186,16.53923124439148,26.712273204149145,24.06322922773877,22.80932093400903,18.56764782948943,-2.5932056530034906,2.0378133044870674,1.2984579727655472,-1.0013545450097103,27.554465097538035,22.591640020953882,15.499071196913894,16.79250059738772,11.781027303659503,14.244292262118964,12.329958053551964,28.56423045146697,11.094160655441792,27.123781436597774,19.780283192162802,3.2352917596389164,25.30671168737077,11.013034340390613,24.86672178313246,15.094219255118379,8.774782636964208,6.6324368402793565,12.462127334219085,24.80344819891188,21.031502477660403,13.808954752379343,6.2600126381021735,16.967612409746767,18.844299476697238,5.515248642545619,28.609242590244918,21.843913564535104,36.77694963392552,22.632189951527458,5.89661287919632,15.02946391255199,12.17908645253494,13.911914145279775,11.86423953167566,30.378404153737918,15.979464024864276,12.371528876438058,12.736281658895189,17.817246304904007
2019-02-03,10.166750836166912,13.111982050534904,23.282437067775334,22.19412146724638,5.030179564411514,19.377721545443503,19.711109572391635,4.488501435878698,34.938571138667534,16.118333128389025,8.98134844916602,33.66570833898611,7.742319036449064,3.10122550214046,22.85104158326238,25.111280637681965,22.902205755323983,15.627827633483626,23.30451452309184,13.568195914267063,21.208181656734844,11.375255679360393,13.949907720303921,22.808359875650492,14.28399259172712,29.61471694299303,20.050156690883075,36.55926837401962,6.949132759677413,22.10393299456482,2.62274615820621,15.633904954358819,8.460882658793402,14.328736819163563,4.521310264235049,8.567421422810526,8.381133173398203,14.89388447832953,30.379814531832743,16.29852554881982,21.776552664657448,8.11159659645829,31.04115608188471,15.0215236686118,19.736343011678876,22.19968844206965,16.8997222852036,16.287257669159686,11.418223286225206,20.556559896934615,8.819914253863761,13.232155536762384,29.122338920722818,24.531395893886938,24.11310830118114,32.45671228114706,2.0125715351580418,8.819650380173082,3.9667522661199737,5.297222260252489,28.93641887491175,14.510421195024403,11.187733450865228,25.19102784727076,10.166579088067191,18.10728017438967,11.619165125320599,25.076008816442233,16.74699573119084,19.87739640423873,8.626445820505031,5.089058981826597,13.314274548204022,3.54494634329418,37.11104699059023,21.600185561646786,11.305940565433326,13.754322623430097,2.736824246027126,21.930296477635252,22.502767585800697,23.271483168072063,15.612112029150977,-1.7903444763826322,8.978939478173999,8.299641413166464,19.40107186432863,33.75113581149962,29.201303325774898,27.21152575949596,3.5825871962667897,18.463439688195997,16.534177195871067,18.787372547810953,28.439896017458132,30.378673385148886,11.08684779349046,22.753929802944395,9.110391721537622,14.823440822258082
2019-02-10,13.314678742873925,13.155530630472771,15.412464549207414,20.219767580127403,-0.13715256362574557,20.48218631520357,27.83982991926973,3.24248664348253,27.381554152059316,12.086686728283015,19.664032752604307,42.14199964699371,3.9157627196189893,3.1859035981553347,14.691131888213093,20.632051711608987,24.25849069141744,27.02509408994898,30.13027931718122,17.879982039859875,10.042916046610912,6.489166260153078,9.973328437456587,24.24423280573151,14.147363772599943,15.827852678423039,19.787111971005544,35.434032635646325,7.154825501640014,30.961346784224816,12.054138736932025,10.361203050211458,17.882579260098176,14.724569341515322,4.107165166651839,13.176102050564516,11.300952301860718,22.162405905473072,18.52027805285866,11.949212821244245,18.629169262141396,17.47431455203378,26.701196251174586,20.69085335483002,24.81302197741274,30.44018102624193,8.659518253945802,19.622118035032692,15.335948629709579,22.730508703512367,14.185060128467745,12.196996268415484,15.290973634545216,27.2253104297294,17.996491057983782,18.870133212774142,10.212457837714137,1.878623044791488,16.770559873396586,7.134406959998058,23.400698746733912,20.169781431481198,6.633659466930537,8.973297246660984,12.729280143605006,21.73217395524949,12.791029084812246,19.72282344809937,12.97813312976258,23.98716368367522,7.900473000373356,11.678538866443253,10.550186437063466,14.727609142616082,30.59136374211207,24.764028978261493,5.20462236384104,8.565715992055155,22.56119666579874,28.24843205630984,20.413863159166276,22.693107535981287,13.987744146739523,25.74484021366193,20.69117816502014,5.735871661830018,23.250491823137004,18.772505701165997,32.81622846021925,15.62545539562969,-0.8358716255972016,28.56144485112874,29.764444056310346,16.54879946151206,25.128353126150554,29.85159049987181,11.93962583952852,17.140963165931094,16.744004135952466,22.02309516816377
2019-02-17,-1.3360911969126263,8.293592834996025,23.694987784843626,17.65200660115267,-1.1058582252049813,28.801800056171885,19.407234394218662,-2.3384175353658936,16.05364890128819,21.970825589817064,17.298067961996935,26.7084388295069,3.4960672468456,6.086745304815151,10.360795744665216,15.026341899322532,20.124496539091172,9.699100916181163,24.33095098046594,16.8678237196718,5.91195367945417,0.9095919416255711,21.870548673079057,7.977420122739149,7.842697450358817,17.16284464643606,22.31288095018419,27.28364807710733,14.481558541330134,18.88502572060024,2.6168916818427483,18.445442149222217,29.563996463374636,22.371075766572872,4.459074911602688,24.099548694371983,15.6989449438867,13.420704369002367,21.938112303171128,13.8529977138394,9.066569567124855,2.5872457369238555,29.86480563280218,9.407099004080656,24.400731682598515,7.7136140545738865,-0.152243676856326,3.3848978016566136,24.81598368048905,13.269714086307074,7.431047917141244,20.085443187246728,27.583285183937257,11.761793476553342,25.57242400910608,22.54285089507951,-0.1304082426914146,4.327092111435229,15.718131098379924,-2.6533681863575325,22.091033693052804,16.24220961042093,0.8776840411647644,10.403783940155265,10.58832194388897,25.01217583878802,16.592775029561558,25.456954284553948,5.252726889168344,33.838096475963724,11.828403025711983,-2.320838643948327,15.787429538398234,15.286677378815135,26.387131764102428,23.13491695924358,15.1708518561983,8.353726460158253,3.684680507627432,23.47466558878591,17.88816496108417,29.784570071253967,0.6324217736668434,11.483661148767286,9.599382520322036,6.042084675475907,3.764281578038318,25.707117291695518,24.48094601208996,8.385617158078325,2.604697242074302,22.851074060487022,6.193203479443106,11.891562965923688,15.349191820976593,20.592146726954095,13.071212148249508,15.16020453811272,11.164859274142602,18.324561741370005
2019-02-24,14.070326776917582,11.235382641720697,30.9622860392656,32.80209716328268,3.316127271808668,16.522911716371215,10.559156247471808,1.9602402246722292,24.433141854848397,25.566364368866797,6.1179503062121,28.60785052982164,17.583069227849705,3.646168080742651,11.810665213805745,12.547775623340222,39.93806958214029,12.335085265588921,16.80233914827742,10.751920148941675,7.303062283860939,8.264836025003392,21.564807661436287,12.981571901798311,7.357124490296563,8.819299993512336,21.626288791540457,31.055384151675373,24.338170047866065,23.71324058349197,9.077210981986576,6.58509539466821,17.194552949138533,13.141273427227764,3.5273523794852335,10.778359789005728,19.61221573284968,17.10231977325737,20.47407584374328,5.349133929735991,19.452877744539222,12.501871694411463,22.538303472769073,27.394185729181224,14.64575530283651,18.003764584365857,10.995392408076759,6.283645183523147,18.315301648675117,27.565534217964046,9.633920222730042,12.093650244338779,27.978221109393502,21.681251270362946,23.56198588300912,21.03583586132153,13.070070397446727,9.380211855939699,8.002682093280082,3.3177712770718895,17.432374856172874,14.522581183387752,7.978014508889565,9.257801392431075,16.881133324411824,18.758116249660173,17.347003502721893,20.267752790884025,11.17744617105522,22.298715985675656,17.634165253573926,3.34275738781023,14.143596675822764,2.249380976608526,30.345907124864432,16.23267366889893,11.69062431073426,5.321860188001093,16.441252034643448,28.538698607749588,22.7761345254366,18.57058649469042,14.090144105962294,25.549169144581285,9.321765049204238,7.672220696993065,7.522331721036732,31.39529708924229,24.0152778287925,25.00974191513013,-4.611439549884049,33.6980251230017,14.105596903219892,17.633566960430255,23.875086596106264,23.934184535760817,26.13101110190967,5.683007409537527,17.6909011056373,25.08518797129885
2019-03-03,12.120650276613103,14.251802220412818,25.176457339205815,19.784771624985915,8.10882095094194,25.467854557499344,21.79293045308826,3.201753236997037,25.453146297153182,22.186383208674602,24.327321570078468,18.77714366898302,15.327741741547628,7.576505851980059,27.536130685142584,22.59847425311074,38.76092022927433,4.636492551877758,28.74808889219337,19.018097233042358,22.66306477569846,1.2980942287416664,18.76128247451361,17.297718147476733,11.163860513157932,26.465479872952507,21.684742705259595,46.490311994025866,25.85692854066286,31.82599144482868,15.603483447063068,7.3335363779696685,18.306511951912707,21.470474513515242,12.195003899410644,26.52923560685722,16.221310419722734,14.589590180670156,29.467914065606294,11.106601528318018,25.03290512671972,20.244511190923006,32.131334370038026,22.437154411614475,24.18723364999351,24.36315307586209,14.810084937504234,29.655278919995716,13.273057702029785,14.801154141922638,5.298281157887349,12.965489349560103,13.885333286315035,19.418121300801097,21.53858992371967,26.076004589232486,10.988515857677811,1.3629567880460183,18.922458635229642,17.99667478940673,22.19507587898145,30.24293309298602,14.891213983021128,30.338607505629962,22.619402044890393,12.405914520621433,17.046691094640508,32.90849635133873,14.059634259166788,28.028701363068745,24.65807784789036,2.3457946584427827,20.328604911688103,15.033046176765748,29.153880146597704,22.058518239431553,19.203454125988088,13.007535590081618,8.723176532720654,20.965609814410875,17.747553024291197,24.069698634029443,13.06891827857937,13.836310475282508,12.002932959281434,-0.7351449642708108,20.95857384168681,26.44589838654527,20.186680130857255,23.62034807242328,15.230606805672085,22.167503454095755,26.86476057655627,15.144778812440405,26.78138396524185,28.24052908746446,29.132914145248414,17.42124807503987,11.111457648324148,14.311149583901438
2019-03-10,3.3775669702901574,4.787077440352679,27.30298212450939,20.84110025661423,8.493728629154251,19.391000571570146,17.523492957467113,2.545747550263034,33.62137363709359,30.76262938271526,21.49812719029547,23.968510637038044,20.428063380765284,14.83054060739088,23.07661226537219,19.485599855588998,36.986473452115746,19.230133094345277,7.200747028094728,22.911224384938063,4.259416033156333,15.02391460818683,19.644323997674846,25.85401715512228,14.133296565181116,15.64028084381048,23.539498802106387,44.22685016945974,21.806467302378955,27.380736093577323,18.73211507925749,15.18467874546015,21.550658026866998,28.591485219224104,20.019584931978734,25.02970987885004,17.82256218560622,29.803949371983997,33.948867997263534,20.991016340198286,13.793142793154434,16.204946787291625,26.08059904675835,24.311345100900116,26.650113853521642,23.12257748295316,12.763913297994595,27.955803470065486,8.320021768482247,25.734549134947862,-0.7767938347807064,19.54456756179171,20.214323254059412,29.432939874081644,26.507918662680737,28.399653274443303,3.3403960837641096,4.464415526448823,16.831108573908004,13.801730344118218,43.457353134874246,24.84656959101574,21.356732010947717,11.23983110474181,9.404582423294508,19.093585308249168,10.246924524066035,38.38124747359058,12.334268809115292,38.3351045122062,29.044793885936542,7.31606938305433,24.61779009873338,14.136642431043729,35.45704782354203,26.41751504420346,15.58573010472262,15.218943403000287,25.156869692587332,32.29964715883559,24.964265848924917,25.981871863290074,8.376448363221053,12.443881990253093,18.238906057189396,-0.882330038713409,14.953567540461986,36.11151016858222,40.142218879313646,13.714086595429627,20.161490125741256,25.631630907189002,21.22671223711362,17.143994300708922,33.9344319746009,18.36511730437628,26.131627912851624,11.56242221692569,21.70866959262938,32.10258917044427
2019-03-17,13.69159891292841,18.44894625803874,32.3127758556948,23.039520182718164,21.333358628113878,36.649424355691714,28.566932157129344,8.024810391818464,29.625284085803667,24.55328698505776,33.35335932035625,40.766855118657375,19.332384687914004,3.6161774027516227,5.788496792285837,18.040272406456523,35.124493842993694,28.801458011682072,21.26999628239494,25.519332156769476,25.00039390199278,15.081155439609434,22.06521885706815,13.85825534914867,9.357586436902032,25.405566403726272,25.545142851478733,42.242889582638625,23.937041365803704,34.86191514074775,12.428626735289702,14.50452568689554,36.520149160196134,19.044257101994194,12.89720447121331,20.658074045104247,24.740068513868,31.480875466732996,27.29300795076877,17.116356921682854,20.689345723969556,21.52162332598375,27.58686942414677,25.234103901198058,12.535967302867236,16.1755446071748,17.00290407422725,29.95204679623537,21.386066018686538,17.45000406354581,2.0465635338316286,21.32237955356242,16.486510051495,34.519386867649104,29.0594412630212,19.235801855836943,4.756377424906705,5.618857610541797,13.31247760973196,3.706553536559614,25.52438173598801,21.828063947223487,14.357368755329027,29.035096247539705,19.379266701236105,16.982718606827145,16.685983414545493,27.705692592956115,15.021669195107119,39.63366061315428,25.749722095745383,24.5794638306774,27.105980541380085,11.032657387274295,40.589713224217384,33.59088184399769,25.91881593944198,8.10183010392904,18.056338233857236,38.65096613584064,14.900934441517027,24.665545489529727,6.757308661635026,14.12318043102762,12.572853105024286,16.76510208417286,19.86726379453945,26.576841991245637,26.287178459889226,25.627054386299655,14.441633394156073,38.038323814482695,27.13548007666326,10.94956877585946,26.94389212711901,36.03921697355742,22.347330829440565,30.221877801966592,14.232601894954033,30.613962555492105
2019-03-24,13.378252498803235,18.53651501433427,42.71095935183668,31.55262096076761,24.30336671176291,36.41632837305357,35.24015361429613,7.163138569731581,35.81570488881052,35.7877928261486,24.47297949689078,49.550843999362726,19.88640416191439,14.943988494287852,18.833996376849992,14.836385004507461,52.80689637591789,25.693443206385837,26.9428783255006,26.974472150329525,32.97902205940888,13.438624501965485,32.51937014723145,23.008587387477746,16.843245428421078,32.30376085923109,38.308009174657684,43.57373139208903,24.462936411295594,29.18266562487799,28.892890038516875,17.74981197414966,20.18034958379947,37.58364509712466,10.686765761146912,34.021976622909946,28.991094506526245,33.495002614655284,31.30053093583539,26.98259751405487,16.522601528004166,27.98200362076213,46.78033090281803,38.201697748789805,16.650963712712738,22.03923963645784,21.648017278288002,33.89349567840959,24.50141290049719,25.086484924317098,18.30623692160239,33.334947715353465,28.624170492669126,39.19010300193543,17.216457192959542,26.543838323421905,12.843381860681852,11.39367020247927,24.691681129752887,23.148699249449574,38.55036643945931,26.529441596133648,13.320721295532259,32.270737984544844,12.161866938267446,31.56260260753754,22.449401553163895,29.78215767893222,23.713019673656444,40.49322598391936,29.538289871601723,17.78381601416257,33.24484826297774,26.980238147259957,45.03954730481837,40.03805253216383,25.404437395860214,29.488968678186247,27.829281289886637,34.68801615231837,21.580044810875307,33.833108670692475,10.747028788748207,17.788040031233667,24.549722887438087,11.783392530464438,20.266555325020274,36.01604776968964,37.29560484395704,28.870597405418785,17.33720573403478,42.123650525090476,32.14450742274889,22.0284153077379,51.497480320336635,37.19877247736424,38.17087873754618,23.10066880663628,16.193806389087577,27.858397615568677
2019-03-31,21.4417855412473,23.332411833006674,51.33726698360972,36.8719605748299,28.663587769721236,39.182115018345016,34.063598041730344,17.358892204785445,53.57555299383174,34.09552482349106,39.22603294777332,40.085769679958794,26.27575586192942,21.94343739187738,31.508811921019195,40.799722668151645,48.86146669994505,26.683633756121207,38.90624497352126,31.063467972408127,32.82215924047994,23.017119491505927,21.869761745053047,33.92552155705499,29.12331955220358,40.942797164841934,50.51879275043636,43.835429177057605,37.176859706798986,43.21957140968688,26.044150267125858,28.706780929989165,38.24250759581904,27.971097504412633,24.67438042499308,29.556371006546513,29.272822471616863,25.92468772194745,36.62590402412155,29.26790708653629,33.99596386812827,30.47705973398451,34.31403707735072,44.81880372174954,31.541653632378175,35.65775962830772,34.35754373893088,46.17254599364268,43.29281927274923,32.567602334965976,22.78805119871644,25.879588147168626,42.182514032225306,33.23891768929734,23.93272909515001,42.157228439102596,16.524049050918812,24.394471298859045,31.13217924874006,12.855124058114574,23.71138271373529,27.980919228828103,26.58248309376373,26.94780732885431,22.652006318559017,24.207332097351383,29.96988810486796,41.77587746710094,24.58200272728063,55.08052218455602,44.952450434652725,27.35664338102361,24.84633314167676,20.564333591063743,50.6462052206289,36.284660698095664,27.910662072480463,32.6354443966623,33.73621445736872,51.46704263259115,29.767782371799832,47.22360961039118,19.19425730798681,37.94692924717904,29.4923222948831,14.702339825312475,19.802757042812992,39.684164167676975,40.71740184232621,40.965048139977746,23.983744811234814,40.44523731724564,42.89971764096336,27.151137589797237,40.74802782249301,45.42765295418607,34.716694405075344,35.69244704312497,24.64702972960476,35.864841702651724
2019-04-07,22.685720014481483,22.298509914406452,43.39456098029184,41.69467346740564,27.907371389426306,41.45134832534746,31.00674605611548,21.626760923736533,48.17966981036292,43.42426316858887,29.510200857776063,43.042107259663354,31.627538403276652,16.851501278569945,27.282091471446076,44.76452164373944,60.74224511266695,37.93088415468588,40.64106530342151,25.152544440543682,33.85664210952368,20.15918862414837,23.681836502273658,26.93448982078887,25.82745245062166,31.588109122624854,36.72641042313296,53.93716459415895,34.404329418525826,41.57154838980629,27.788504226580457,21.190261163743248,25.67556992591183,35.05149251600552,19.02034764204553,19.976307763514786,28.903048371616777,26.66487581138381,42.471816267150906,32.596016982971385,33.356006045958104,25.031947349730455,45.7753921408864,41.44489596084896,28.36473373537468,29.130521441617486,34.197042769685645,34.79283104215524,34.26140515811551,38.57387002602779,32.567100739931924,41.07803916438877,41.59159758155898,28.300464346441913,27.45675567083781,33.28392275999885,28.839954420050756,14.801405409165305,30.486362105557134,20.64596033739863,30.250564497118756,34.90927823033562,27.994285217784928,23.82726544884597,32.823651373301985,16.866551636056755,24.155525431896308,46.55394287786464,18.12838049804189,49.20360569627315,27.826746941662797,22.791040292444805,17.74528778967828,19.547345422860445,37.422564452768455,35.73718837945364,26.560569137237806,22.596532315886535,35.256641067865914,37.93966752258616,34.971445119621414,49.79946644844575,21.79831288827902,23.673631655009,19.705899707951975,13.317714749198782,31.537917323788108,41.119453545092775,47.01957687387062,40.55340301073872,24.35816991202218,44.615721110041385,48.45609820981351,36.418023374273275,40.582079866716796,47.876877082474834,39.91006504341449,38.67318675867662,30.9408802381472,29.534505756188107
2019-04-14,16.091937504600924,32.66342597173377,60.61211800046236,37.25473816136684,29.345559523228825,37.005098663187795,46.63940674917985,7.0217642336529185,34.771400028388186,45.535076086870326,37.38275005502496,45.52472333968382,31.202263405142702,28.169738543473684,30.465143994808322,32.61908879312651,49.57166573103972,42.1998602129605,37.21574711551594,26.006438090596095,36.67296599070688,30.007128454397296,42.43821227628371,35.667189908550434,25.67964621930901,42.18503820672406,48.99204415234643,54.4211861110097,38.12493892648818,46.82834594888189,31.507232002210724,30.97530351500581,30.674610535544648,30.718149331276308,20.868205026675387,39.06442783366657,37.314169809238074,43.70804534610406,42.46375255168537,27.240600675184943,43.050465094149146,33.00932971762651,55.190225888954615,48.469615758977554,49.45059523175494,34.727179042457,40.30121833162595,47.73936299146256,33.845926713587545,36.96431429437219,18.125317204787656,27.30867756617662,42.60529837469607,45.82126804845385,39.83940307439971,43.01063450806859,30.855985576024267,19.228026397765202,31.497228960782675,29.686467495149728,42.54003845267099,36.34873192234706,39.33645277811651,26.48461520265974,28.00146384768823,30.299941204464076,37.20589473369697,46.398172915430976,20.668853023560537,55.526122131844446,46.20992971468849,32.82283064274583,38.21390772394831,16.31877508671973,44.08835456251239,45.6511613639968,33.040163358200715,34.14830717140133,27.704931421308892,46.75922167069218,27.440831204640112,33.564044252268864,27.764530810136495,38.24253938951402,32.359945926967185,21.428344437465782,22.528921781368055,51.63535132137568,46.7386887325205,54.18225217716164,34.53263760474552,33.88444077664204,48.74681257022735,24.89592663130371,41.89749368640312,45.980495517132795,41.07610330389837,40.26426500637489,25.615456315809638,31.690715175242453
2019-04-21,19.375221098361443,20.865972250800677,43.31858469443609,18.047611813828258,20.322722044541816,27.610677163389624,25.865704632098108,15.864391049435309,30.244357680235282,27.693990210527183,26.821979818060253,42.06732829595825,18.13973731510083,24.688568202741095,33.19487199122639,23.594309771667007,43.84091335846057,23.814714464975133,20.05624668089996,26.16429079861013,32.1238472615607,31.760343366986184,21.05233696168318,34.464123425704315,28.95070063260718,32.26281244089794,40.427818977776596,51.495980747170094,42.408710490651,39.812773300195474,22.650150714164475,15.244150913006271,29.011604530474976,34.393235940027594,17.870422719689625,21.91472232356103,27.769801216888663,28.791966330676576,36.3160275692425,13.36163263410808,32.04229803498738,28.170059524373276,42.78928855020971,36.6061299008946,17.79530287247814,26.893785449231544,33.85104929560215,28.807651260346876,14.857816066576147,18.96961827027655,18.74133102043809,28.748421636769724,38.928935684455894,32.636332598215,18.011959408833945,27.136107481356127,23.018673709227016,14.30612364372653,28.29499975679834,19.978234650481554,30.197026774273,27.457977283588615,35.95833439852484,26.89951317439455,20.96562300226922,25.884556687932946,25.71642516884777,23.496841303924754,22.4650740720985,55.988516884673466,26.807810554917637,29.753702230588964,24.59234782153455,18.885290657599267,46.79883256065827,29.701377812605294,32.60396310993884,14.770442091959943,19.577187136846895,34.380880817450375,29.963005062359905,32.39400817784415,7.538154429960658,23.755161126653842,17.186026278240114,17.547184050927637,19.364562466475057,38.19577527202119,35.498736470577796,38.294036978271066,19.75625186336533,37.318853752499884,19.198532391945076,23.768573253270716,39.61691476038219,37.12987557165056,37.099746606696876,34.25537487581836,30.4725552733274,29.37053990090436
2019-04-28,16.859263949119807,19.027140690343117,44.99100174652641,41.88567763880269,33.19324065504041,46.91451296104755,39.44059198928228,19.40397126236077,52.402228059184274,50.49581323943814,39.821977597835016,52.54281137958205,38.24501432615103,34.74412587441644,31.409265409087553,36.3559777767231,50.054458447174355,37.44425782905211,46.87183503030543,41.19795670745039,34.25643913143936,37.93809065761565,39.14804352080737,37.49257750986803,25.99617418787081,43.12440712246657,54.82189104381957,45.9763181996957,42.85223683958709,65.1039007496034,40.342877343723835,34.31686420041372,35.66216341368731,37.79566782498687,29.09280411157709,49.311694596714354,43.35813364310275,36.75736969697267,55.65565587174085,32.85133893066416,53.33201830154013,34.467485347250914,46.99932969994211,50.76574230443882,46.328793075233285,46.75978077292536,42.5316025416087,39.71015274692861,34.61419172548317,26.59057955501964,24.200340925291506,38.70199709529804,49.98972854967763,43.70298148515768,38.222393223795116,41.6890781317547,36.78159024790001,20.73327532601247,43.476206567416405,43.57296423674849,47.3179719989398,37.90072736713038,36.078877097076855,45.69714417992702,27.268615567227183,30.363809518729894,29.996534339759698,39.05942115884281,25.367133640419034,64.94186499457547,50.941513512088484,30.861917952298008,40.2441102845716,35.35570625507769,55.04826260968316,40.112123412867426,29.736922972167402,40.49750831539193,40.23689606611008,54.144491887568044,32.39502326900154,48.650522739403975,32.32218677613781,39.89907468875936,29.290452495295252,33.45635307023584,24.13624962935738,56.89753653699172,57.60024946233684,59.358728531737924,31.45148150270399,42.15847435166865,50.48153547733862,31.718079108528798,50.814114762922465,49.06765186116976,40.83532425310749,45.61880792800501,27.80494499054059,45.70523435044188
2019-05-05,22.898715407825243,21.9561688760353,55.434322823916865,47.56928209159941,40.42784125157908,53.53327637604784,29.92462367891314,19.24572164005486,52.97017222392132,59.76622848851012,48.907464387973754,67.8155661893846,35.454938148092474,36.662499544729116,32.69138933036251,40.03097689104399,54.152596662447365,38.54691905800277,42.87787023923129,41.13231096112698,42.62626054812319,41.57124407876178,42.30410983987745,40.42083070814314,32.37057202448055,44.68114283039821,51.134265860877136,62.78465917641984,53.17584593892153,64.70072527367506,34.41796374586913,38.7422593318875,32.96666366330176,46.33375401132396,39.25213450766091,42.914105020916836,50.67876510398529,36.414341552947704,46.59031587375181,36.120571535534744,54.10019754837604,37.28428776264686,51.786798895910685,46.0921668882659,45.365527885463614,52.32638014402285,48.97422268125019,51.92325808950778,38.49416895111379,35.79059076923164,35.90804554664572,42.07223333012579,49.56861157061281,53.95365586503041,39.89691213962375,40.90309615129657,41.5939279685851,28.479313931857966,35.157043629489955,29.083158520116314,48.22821203786014,58.48653172950952,38.90293453583286,40.06768796170012,45.57640833779328,37.48606802460187,29.108981784850606,37.937252915230694,41.32385636997707,67.97388343935883,53.437324432596256,36.68391990305363,37.13321905907256,32.78024998697924,58.104152036545194,42.145818818964344,43.50504927813226,29.853146105190447,38.236177752515175,52.57544287926956,36.16098040841757,35.75443527890109,34.742080788964344,36.059666370470254,44.37847060547842,28.787925148569997,31.000378168337217,55.47867607402934,61.685987512074185,50.41626165157792,42.47735450737131,59.27937381825202,55.606560954781855,48.536141539565996,61.6999205551001,63.22930312530304,58.53416250042616,48.03079652678203,34.71527852140824,30.63413823579978
2019-05-12,13.255430841560743,21.880764491093153,47.29646611593111,38.49066191200351,25.084152091688143,33.088767260284904,35.06603998437454,17.187638652284228,41.262837326292505,41.34946748444821,32.91415182236938,49.72140997735276,26.620789843339715,37.59245986190026,33.91984658127707,29.830839137139797,50.137362988721385,28.150553149741675,45.566598326044144,44.24588917104688,44.77915499311221,25.457914659032816,35.10036461055148,33.63872862977964,32.77555873166571,33.75764396888776,43.09337331947853,51.70762171339739,43.901406395269596,56.88988689620045,30.40312015705863,34.80032709596928,39.474295075202086,37.15640358098978,19.755800437557753,30.129600603751786,43.21762481709162,33.15969101554448,34.00838117104229,34.903635581811166,43.879287670489255,24.321713960141842,55.87012622717752,50.65832612633903,39.34428676736499,31.814373642270326,30.386037549414162,40.499359133624665,22.459640276825347,35.37777081400914,17.382857251447604,37.407975187672335,42.66528392378272,48.15675457453369,28.877271505720486,41.020302456192866,22.001086635030855,27.35933983475814,33.74572154200367,32.03927105396202,33.23177434409544,44.030756165766206,36.98377731529064,38.23783658914315,34.01546176704105,30.61245358842114,38.622785042107125,38.965931672311584,24.40360416633347,58.32290258560797,37.16229862169712,28.04813885388128,33.747737376706084,25.500661239188712,52.81629233769068,53.171675804163996,38.491192658038855,37.31035998536189,30.73083859508671,43.87621704281453,31.284570483426172,46.55981164736686,12.566773982717752,27.23811743126074,32.44656953341664,23.153002345769732,40.669142558611064,52.03516480947395,46.14307604179343,37.07173251724999,29.227834999503262,37.60064351565474,47.7461525567759,35.46814815900614,51.35502121277931,63.23568426035145,38.60802754744883,39.82339668213475,23.074094908939543,35.63744573779052
2019-05-19,32.64983932852782,30.174239834347276,50.79744411668039,43.22291662302203,24.56164565021292,40.9023770408575,38.59903811915613,21.112128355232556,37.6784923961869,49.555172686631906,41.804416846986925,51.58451765498188,33.29352397122602,23.86962736146801,25.36908650250504,37.94102748602972,49.518058986254445,36.35763508290354,48.24714964061815,38.43667754880067,22.439506730396037,32.57788039895572,34.74282388303357,36.4558547580872,38.123465721682756,30.8730844016354,50.418572516426146,66.35683730482735,41.36312196955088,58.782524346678485,40.68580677624771,35.1358065156467,33.17106513943609,35.924760796046726,33.2200360056853,42.22843584067274,37.41705519418855,30.21119199805458,36.62639813988154,44.96385370911376,45.10050247856357,49.13919697598251,55.85358181057616,51.61695157679276,42.95992152141341,47.088969697583686,33.48917791839721,58.45866053136745,32.78407264276264,31.062061207365073,28.80358782057251,46.01856865294865,39.86821939743476,50.57682658730799,31.26223502713376,38.65403076253558,28.17490585438896,30.63897507255159,29.411537467167808,33.10926277659583,39.98283803161067,38.302079733101415,29.840335969338753,30.873270000000865,24.09827016942446,39.754224871797945,33.09378981011209,43.10740992891172,38.14210095084444,52.98031029604256,38.142541617765616,34.37288202548535,25.06456996165797,25.96268291317177,48.09512597056498,47.80887332678596,35.14797887487472,47.30973894922096,41.712300304120454,43.59583363656576,32.98803252620218,42.302353090520505,47.30663545759684,24.926845724051297,35.57607780142262,13.00834936977664,33.00074890573193,64.54958879348752,49.143652374375506,54.56622830911136,32.836265212312085,43.74846432706837,46.06538978616442,33.145000126972604,47.97350710466237,46.373178042504826,55.340261335536624,40.55063926637526,33.435553266666545,32.6464045606944
2019-05-26,33.28764818103761,26.918739380803807,52.1844543204927,31.42421925958435,34.66467580582462,56.109736926876266,33.90198330654231,19.02325393232727,39.389569484707394,50.14461967249369,42.213669730833296,59.49086430948325,38.27176117464982,27.467695997871083,35.71541560464911,36.521452180698226,47.17776661528731,36.99090299436912,70.20447151337021,55.81864863658405,38.954965955150556,46.08319567624811,38.27963019055133,38.69737807354677,22.263591518500917,33.98868672017828,45.47785349911201,60.526382764879266,46.01928017956898,54.02218498043914,33.3652037415693,34.39215714378595,29.024525266071542,36.91600483313439,28.37724011661364,32.49250973066375,40.63906208875962,32.112634935607296,52.55795899528076,36.38030900187519,45.60979265016079,41.40811037246908,58.081833348706546,39.47379088779287,40.35716825872005,37.51377298075532,38.82571567342456,45.44907689780963,35.7176579781058,29.62323796198667,24.973873546795318,38.045872660320725,53.422565266993175,51.51532376957682,38.690535940971074,40.74679965387178,29.541008756426734,31.84260364134243,41.488390410815676,33.63715611617482,50.566777345244155,52.29575686589912,26.515956924974077,41.16044412791477,33.47758424315428,39.16121923841089,42.99610476656429,37.703847520710056,23.023159340669725,67.76258971439962,37.78940303254615,30.01230253155264,37.017836635772994,25.813807774266593,43.78523771822691,47.7692583167018,33.60446778252177,42.46530040450902,35.07491995651116,44.8187686374306,34.97752851669294,52.323612781659705,37.924081825053264,26.828908363305583,54.211276777432516,22.817504882251523,26.921393685966038,62.095598584174105,50.250693543726115,64.43548902580861,40.09990498986827,45.98932553562573,59.014273035822804,43.051094915784034,44.523481793413666,60.291027305674035,45.760525617316766,43.395501605984144,34.20835265230709,32.74349418207561
2019-06-02,12.572679422022546,24.32533263345787,37.215108057866374,17.493870310415502,20.835954578107156,42.74208645752777,30.158289962640673,23.228971884599677,39.96513470248337,38.11926130304941,32.6485135264267,40.18400220991425,36.19312751832427,16.190210609975075,22.20096333272868,30.76028372713338,46.33120126810816,21.456250837168064,38.71541748476875,39.475361385272265,39.24272459926422,33.1994255466853,31.96613017270169,22.40048526652742,21.712834033417654,35.866721904676076,50.11264904924701,59.40971392264797,40.47475389694459,58.42998800681638,48.760301632373,24.983692489335283,24.652279887723353,43.54136616997744,25.46510687081522,33.16100034319849,38.49245070191501,25.68717002605664,33.19211674167755,26.168689231512463,48.319810004542845,23.50041773162991,52.14577537365491,38.23428447361731,33.581585246102854,40.57822678231205,38.689721200095114,44.021579402036345,16.332036086367722,38.44935350685766,30.013945339554834,35.25470173339446,41.64514609628498,55.031589543482184,36.63057578630915,35.62791666017335,23.203562882031367,21.37126751457484,38.864466170558366,33.969584574497084,27.900393991606947,42.51420109592728,34.188806912846616,22.78545154890658,27.29903472614086,19.234008339352975,31.827713929274378,22.39244038861267,20.388524359912445,51.813313681967394,31.836348641154494,36.572713468021924,33.10241992793276,20.299709614865897,39.36949527242652,39.664627409700756,24.466060134159218,39.41709361744073,44.2815015850567,48.79231951230332,31.827587314993714,39.55274978916481,24.320029059349775,37.36179941304391,29.934497631439683,28.27142192827273,18.98905747453476,49.301104689935116,34.52357130893418,48.217824880269696,21.201095273682768,51.479326553143316,47.369540650536834,35.89162527127887,46.20191529833119,42.30172969341566,42.805241024377004,49.42455101439822,27.22752844009508,24.17717724975023
2019-06-09,9.543407949141018,20.130300362473,35.05097429790169,38.238350521278456,32.47161620302052,37.6734868989719,37.84258147403804,15.382673186629622,41.05514927792504,46.733175993246824,34.28974548874296,52.48597458481747,22.02772954171717,26.25051797641217,28.93937319759837,20.538357315204305,36.83145093375061,19.23559214995619,48.30902358943683,41.260723530740705,37.63757743585143,25.100619014438593,41.84153327396912,39.02128777841624,22.145387197696216,43.21872868700552,45.33039293792856,45.64662908338565,31.443735213614396,59.44539085481964,35.83879110520639,36.04803477734123,30.247518942652874,39.93097751424703,40.44220845153204,44.02056441891457,36.00276573227841,33.755731584384,43.96152200150895,37.37747391906239,44.8036973026807,29.856019517450807,51.91862888875276,40.235305108745656,48.66284438140431,47.233097545760714,35.41326939998772,47.398198999230715,27.032854579158048,40.61088934187075,32.5514242252537,40.81747661618111,49.59216888416753,52.55421803738718,41.818512092076276,41.55623403269082,27.98736214611646,20.900084985596187,24.980513612850633,30.84925818136074,33.53471637708058,42.8739392363229,39.57764047300375,33.84019439849512,26.92309204130405,24.96402497041519,24.161241802181216,43.92742407472673,14.560456330769927,51.11956358298265,22.645806978260403,29.49265560593431,30.48009367432374,21.997474683646317,45.988145458586594,37.83027133438534,26.022308049504453,48.67339417553956,34.32969698604364,51.70718200904641,27.00975535625566,53.22470602748116,38.559175439841184,32.36640448230082,27.98864509756561,23.26727101857793,27.33074846829381,54.676778728514634,39.11943301597821,39.79537850547123,30.96115846249877,45.315377405963766,47.61600859657331,42.189726379531834,37.46779235967636,56.73017310995764,39.64633799206816,39.8806595966859,24.114054924406787,32.216240609955086
2019-06-16,7.469516968910387,21.026900508193204,41.58857236820241,43.28401885554964,30.505489821683515,47.632360856062306,35.77697778918537,12.451562599249748,48.20078167980427,40.33724794744081,34.0982790734162,52.55859067889477,37.710191667466795,25.34126206967656,39.9663195015888,28.148256043577824,51.314264722802875,29.652411999907724,57.30184151033771,43.03074018214393,25.006329298070412,39.898840193540046,36.55272265967707,31.445867940089954,34.99524354158323,36.113458729667855,51.50951340066174,50.60707604439529,35.237188718118716,68.5457107102861,32.22887919052433,28.77921258394987,20.549232658470178,50.20807628475893,33.30674109319483,39.511659998956,45.54792073755536,24.1883267555193,38.932136269009874,33.931923849566715,35.342764796900184,41.90135100915591,52.8145926687733,41.5511761218471,42.696150123136945,37.05331375282758,37.73415327155373,68.58844013520547,32.81077456804096,46.46147068570517,25.933660311044655,34.04021526745656,48.20795942053236,41.46312808069149,21.837026471257154,44.64236749863124,32.40088840299396,30.25325553631641,34.10349468741352,44.89188600529889,37.707204310043124,39.955320072367435,15.202979926216106,33.6571885964059,35.44374607920071,30.31712083640912,39.7177739614264,53.159696640597,23.40447689927879,64.87143435769835,24.98745373776481,38.814683246272956,33.6214809212173,23.594007969526704,46.23919218398213,41.95813227738742,29.622281084404513,41.78239503340564,35.87859330474746,40.5802868427456,34.955715923666126,42.10926430858047,38.742063751723194,31.976371252313328,35.37048518458372,10.45926729388747,19.892795409248635,60.59262699793594,40.273454804863995,45.01545387452239,29.325767960364715,55.260341071952425,51.04372617337328,46.545880436863335,44.172610245531196,54.01188480833302,36.55116908566929,50.55919748160089,29.992878584815323,33.0491105064079
2019-06-23,12.978501330133648,27.007011042471717,36.46844016254077,41.41822233645869,17.86297323784631,40.54495590752255,42.525261497309664,8.229366152752975,38.88978298937611,44.005523002209614,29.530724601017972,35.52539009126154,19.718229800362028,23.820958388598104,31.82226304854194,29.82602865459875,49.1020370129233,23.776682885766085,44.5184079013972,25.713533304403263,30.23441857494161,32.06921323766823,26.833736374268668,32.11382150596056,10.644867533497875,36.35954326242134,44.10968981748703,61.92902303992536,42.351775196949234,62.900030982594515,35.20997424701041,29.62442570961977,15.14639704162006,33.45983122799416,36.88380484532679,22.485345502066313,31.356985912636805,15.32086424161611,44.80277842375412,24.376589522483755,46.91389730755985,26.2494862995014,43.29250428739005,45.196940697880486,41.2992233689561,16.81168773397389,34.12183506827602,48.85819685313475,24.797065839254362,27.415598571495895,21.586054048992782,28.914213601619757,41.69455626126876,40.59509718930148,23.109558528312167,35.68716733522114,28.06745538045438,21.598229026597863,24.023010255287815,30.762262027286997,38.799255155469055,46.83343292606614,31.942912725488284,31.0736160555063,18.33155060400056,15.048554111564872,26.3905274846135,26.046146293684465,12.834537593145726,51.213834062650626,23.514818492353314,25.138011252248464,18.311703129123863,19.895368820623695,47.237601983809,32.84562793014625,29.58933810911546,51.819432051105565,29.83339435040958,44.34061143293104,27.804982132513814,45.1780321900296,15.910030745253156,18.926225368225772,29.337458853149947,20.271454798119322,20.766633587230054,38.660891662684776,32.282072108311255,36.19513993805455,26.940323982055784,37.07250202994118,38.38578325330831,40.67403184655457,47.9081502625523,43.91221544524332,39.07513444092849,26.008017925552792,24.41054114388111,34.26087785179893
2019-06-30,11.438974085716335,17.090032069062435,31.751133019142316,25.530727498572777,17.73115743659901,25.026341770021,39.61174622868408,11.11816448164723,33.71634666814219,32.26303183806109,26.50256284976012,45.0436126879022,28.38466773850807,11.725238744252298,17.701783288080026,36.151284112664285,47.45700281256053,24.768221929081978,39.29585961702314,36.148611797932986,17.060218348373706,35.69854693398807,26.281014305195406,30.75228577953672,20.768664848199045,28.440259423812403,38.18253555048353,55.96677351643374,38.6413405477234,40.46029783566496,16.7750598847462,16.91943936236965,12.022345016733588,24.591130695357958,26.16285892232241,23.552069532854325,38.23299102597965,28.702031622923997,34.01853284209632,34.94959970366811,36.0018479997623,22.23798361676626,42.99613899515547,41.63387993710113,22.759156125304344,25.909187945956887,30.51614613204923,44.92795029553554,18.067726260154277,30.660491752512094,20.081778689956295,23.798572791474182,51.59035551101691,41.21860196658351,20.82561329227864,27.864514815718106,27.4613413505393,17.53757170013749,40.174459075352985,22.953849503269794,22.0229403840106,35.325754929223244,23.717428901668487,11.274598584951512,18.147533729210032,16.278977596012393,21.74166998366253,25.78935782303126,4.77252780840703,53.75165109120586,18.887066896332577,16.851558927399335,16.798705299274953,12.378977153479815,39.64522041488453,36.70831310850172,16.439101903590974,31.973436643871946,18.2549915899357,15.657698339842678,24.56084410034098,46.92715626487159,24.732848557961525,17.693126923714743,25.9757710746491,4.861030895110739,16.04336549273435,41.01541403084584,27.615443633120517,39.590243646005874,38.6666093807656,48.51967010963509,38.08940784935689,37.69384890753067,43.52232448342341,38.51060448790164,37.862080652675246,22.84927834691905,14.88974051868545,26.539585494767977
2019-07-07,8.43362403843577,30.397915539090704,40.303431823993215,28.668579772386632,17.928342354437472,36.44640815895321,26.951756097154245,14.514104528774439,27.625173705879646,41.82003377237256,28.14613236105846,46.07880365910881,19.03133503645531,20.250885985204004,40.71707316983343,25.030388207530333,46.146308367535546,33.37028540751937,47.32641551604053,36.65868820761093,19.24321959176825,21.98776081216331,29.172026688639818,26.096661021180104,19.74103583869215,32.80819789928357,37.01830397326582,55.37922510349859,47.93920618047797,45.19291037403457,24.625175784053035,23.73845356930232,26.337527123034942,24.866066568192814,20.20224649700102,14.144093203897677,31.62841649589546,28.159300689100416,43.47322125551807,31.135109891316,34.321480650276726,31.40456043390377,46.36325438291287,26.693724835029215,25.267768708842908,39.186155082118894,33.4768419951864,36.488010882038935,27.639229848505817,37.47590331689431,18.13001751386116,33.44076694354673,18.534351494255198,47.70972842891214,32.525727588198265,25.778974187932462,26.46184382094158,17.17823650646099,28.992918130243297,24.74682987101657,21.97307292152702,50.15775736201306,23.17061259512261,25.023258441184783,15.48749254282807,13.739132042408933,28.657830117494974,34.76880832305408,19.647176529842568,59.4828229397078,22.827624406159114,21.488294447578582,27.871227396791795,12.969428102593355,47.144143673828125,38.135942242534085,31.15060689888098,41.12956228809261,20.53732956830404,29.513162619537816,30.913121493821567,54.04789110458381,15.82859842039773,22.768234499593703,29.687297580286074,3.2066492060083807,22.141606263116902,44.93081695172762,20.610662674540293,50.48025307674532,22.2619923203708,34.10140188928573,43.55573015967231,39.22479693400585,46.32848789280978,41.626373999976494,36.899275998916416,27.725021844947808,12.774465828950007,34.73372662186295
2019-07-14,4.887397467415349,15.362324542593715,19.017118596090135,24.463740117022756,9.83906495349775,29.391119833588057,25.8831976762152,3.620934088174155,35.72596087517912,36.61649638917848,31.358024949269357,30.370988622595554,14.942959026831215,13.778655149364239,20.904484430519748,21.851865639045386,31.860600687781826,16.120284675633286,27.799025774764544,23.699622472162424,23.9210965124689,22.074015755489423,33.75175684750642,19.581103606586854,15.642289911198516,18.883898984486805,52.427405179923326,46.74600597888502,38.98835265251876,48.017356485017245,18.21752235615864,10.336532347211337,16.62203174991199,22.256975299534673,19.59801953832689,24.352640210664163,29.392038456463673,22.2108943454775,34.09810683227648,14.788644922563684,41.49210461386642,30.532955665622126,32.94853681335127,34.72242579912907,22.18303568048474,21.703843940556016,26.845617489777318,49.86188979599379,25.425270296957105,31.088841401823494,7.851466014049301,41.80767460783102,38.158803258104044,22.49852830058562,24.222079801968995,23.302398674149217,22.739040199791805,16.52813284053965,18.548170504306338,33.831358673398,25.036028957425113,41.77468260778842,28.581554331926682,14.707605567909656,9.668805614331863,21.32401565162109,30.68634257661472,18.15579197322296,23.358179405281888,47.398172714842175,23.430243148812767,22.442242267358996,12.79055785589205,5.582632559786672,24.177468305727885,23.763617663117046,10.67350679160732,33.03282843192618,29.825339284483384,28.73811365393166,24.450700281145316,44.51525829147218,21.973975170938132,15.162656590417873,13.747661650712267,3.1406263627023754,15.164810333103963,34.74429350509135,28.59291979099611,35.40544108092857,25.70761203415748,30.37049437850923,30.447662723098684,43.00778556511452,37.82360767596017,42.21176468333949,24.818211050583464,23.98506786007184,18.872150386115727,34.52149460662982
2019-07-21,2.155483738089747,12.52078054508272,30.44511134836842,16.896391367208473,15.373670653091098,31.325570662799674,33.19256792231388,16.578000358053767,36.17365268907582,40.66894028772176,27.47837449335929,36.19272652221893,6.677345465311657,9.67612163217263,25.85058773537531,12.993209701619492,40.891940831319964,18.59874545270135,30.904311647722924,26.6051747542485,26.641631693858944,30.406447468735703,14.983854321741177,23.089455473644467,22.475935047803905,24.80620654141322,41.47146688531725,39.36898959407556,33.139930323565814,59.33142473347948,17.50177526480654,9.138774252407085,18.28243080726448,31.688482463531187,29.644819191857767,19.15939171694084,31.922227597491208,25.330466239798508,39.04890630416586,20.107258571284742,47.08416149468846,21.583318132830826,44.780649888272954,33.50083601379177,23.172183428810868,22.759047014634753,24.519985137227543,39.59131734011859,14.90849114107441,34.05421238716629,10.55064511205658,26.36399720978377,38.406127830426556,35.13642504346134,14.403626982815798,21.14077184500174,20.859902188262346,12.227850097256871,29.55852665759795,21.094453222585358,19.19283811518149,31.901492194555132,25.88022100245797,23.065070015030216,4.841331882979748,21.18740446174577,30.73907260853163,15.558026046440895,10.167209323670143,59.382537296911856,27.971705222786838,21.226726058577224,22.44216187150085,25.198480512867057,39.458912126858344,23.091478168272424,28.541130774421994,28.62340138354001,30.86351585634035,34.630233375239456,30.014918721731505,52.109585262939234,10.45254636197761,18.132589676341432,35.30896238870292,13.155146595219605,17.47661449703863,33.94903502667326,28.934570883812054,32.41098444688199,14.462672587141228,39.663448930437696,37.00633854337422,30.473335012609212,41.72879580975887,37.605619132945705,43.449773287004945,27.166208425853757,27.186489227669377,22.78393209438555
2019-07-28,5.897406217431831,24.684048574745873,28.408671414290612,28.091885791769574,0.26832855727924176,32.34576671778746,25.8097240415496,10.501147814615535,35.034693220784135,18.286462879352374,20.40161097732367,29.72090976239309,13.83547803028556,-2.422646150420407,13.720718748580305,23.92360510870529,36.89933585346586,9.608146725132888,30.495012931147294,32.224385343347855,7.041507532516762,20.6341346705639,19.35362037717944,21.145129012307287,17.225200415350844,34.65039441271004,40.61456882135258,39.17360869431623,39.85122355006715,40.57149843692511,20.40941738032976,22.748462226422888,20.63487749078879,29.07507158679836,5.1384425473215405,17.197235416082744,23.04777025240262,27.302424004975357,37.33272642502769,20.655933452573063,39.69310665893659,16.899579074547567,41.422058720702495,30.31202187120282,11.24112486829284,24.33197826135432,28.17584792072098,45.7141230990391,19.57722366437998,33.17760616640008,-1.1132177790762832,23.11664332872499,31.08826416196179,29.6119611152681,17.087928494087794,18.18473444009003,22.735520230662644,4.748612362362788,22.663924064635395,21.514606557500443,21.09897191881766,26.906576154411074,29.03293712247668,15.228187600122862,-0.012740980230903531,19.35166563583168,22.44801758803636,19.550424339215716,9.11113826590239,50.82304430971481,18.621822354823518,12.137058198093206,6.733625633358809,12.587421420140576,23.096698953010304,32.6438959853127,11.503848933615753,23.563036238596624,15.518045499269153,18.504417523123728,16.562061584852586,38.55475884849298,-1.2419669229035364,-1.3841759045872841,16.887923544304073,10.064713242120408,4.180097751574431,34.70159138205289,33.80707692120521,24.467128937392786,15.103308283857302,27.984299050839933,38.57511741661402,33.48802887712217,39.84284722835466,52.51544156788832,41.16759585281271,22.75546243114312,13.98142362176985,13.521418895522189
2019-08-04,-7.62135384866925,15.80582575463197,19.324580898887945,27.1898330008377,4.648342610507732,25.731641860620492,16.28974255985152,21.16054028670174,36.36128643416063,25.81679272287969,24.389829023773597,42.497234341845754,7.775856285020614,20.57897592015356,13.259175518664469,18.465479045292632,26.001887720524664,-0.6911868791468283,39.123823588366115,27.995289220681183,5.78783938893433,11.762468887369536,28.74572418656268,19.979144542506727,24.777511335016968,29.911436583239407,38.14341159633279,43.11380997298425,30.635848266979153,46.30883766837305,18.568778179607772,21.032289926107797,14.886757649598598,31.109691679603053,23.179358664505635,19.647604254665918,18.212615907351875,20.32271371591366,21.413799315854597,12.227409053378441,41.20435799976615,24.170801651569686,38.95738328752189,28.620391268909277,15.683874814287169,20.00981805386325,31.659812859023383,43.554504794178136,8.7297029278306,30.149205335112562,9.313419342945991,36.517942533534644,21.10557443184603,26.93101312762954,24.649372998490062,14.616951830438744,35.33738264591337,2.828010563729003,22.98243337611713,25.555697194744663,26.879356144615077,37.1210469242211,19.710297133860273,23.088160537012687,3.0959077105971415,12.574609607781781,26.20434581950945,30.647562813380187,8.868274767621212,43.778788595490695,27.54266991552836,8.556484888790308,26.654846365627158,5.396460413975035,35.709209571580146,33.791911089274436,22.204754161146063,30.097436354117157,21.563242006675814,15.36950290220602,16.13373617500625,45.475373641847824,15.606310025658358,4.961876242301528,23.529093798992903,8.006169377113343,22.93216715678456,33.11927354367731,23.94928705594864,25.891553101717403,11.56128091360242,34.9457838046652,30.235289440434705,38.91512818053335,33.39149033655628,50.66872251869999,36.420210617181134,25.70223278594527,8.25925826820248,23.749407589760676
2019-08-11,0.3187318933839229,19.161674444596027,21.54007658090653,13.53100582158712,9.425939410308615,28.571019688058794,24.70782239046677,16.040470714430345,25.380609642492978,12.85087571547769,25.706777959126057,37.44204954791312,8.334355635188402,11.040697897023652,10.622324794161182,4.606021179288588,22.280662435024578,11.39336701666791,42.021330504879074,24.003848699215197,18.839501637888233,15.157393471819702,21.57932411819147,24.917893274764957,17.39593568072642,22.1441330900429,31.817976593236583,41.329189961321624,40.13298877329324,34.55231321030834,23.464185084049276,17.63300662954004,8.373565457088935,25.811005769631148,16.179185405435394,11.534812733414086,20.310222627664682,11.921543457160858,16.51497193853232,18.29263903988871,43.308864771302744,31.30618424260569,30.7067984503544,43.1370398191295,28.357430203339966,30.86779119838141,20.6404756762874,36.46096872838884,1.997034880604419,29.37357417818196,5.021163679026665,28.225419554123473,23.524778999992048,34.25892225945421,20.950751230133854,11.749630965010333,21.966768275148354,9.623814308450992,34.9177271492409,22.335509667439222,15.27619521552257,30.426794354047686,20.823555331146128,16.58495499480876,-6.120063427894285,12.097116225872456,18.357201582910097,20.303325792277207,22.83747739336114,41.83089027595944,29.79150652363306,21.499426661380262,20.807681429818157,9.371125440878185,35.72133646052529,25.157335986294953,13.65621859882155,23.054745475622276,22.08176441741404,21.336317574697865,17.498408791421664,50.059842681697134,6.640036830915192,13.984544638659303,17.353877364640137,-4.670223141994651,3.7668746949167815,31.009337177502253,29.66482878986965,33.725658477228635,14.022542411988496,36.06726947393153,33.27370275652913,30.76175603549302,41.11825874623903,49.64846219879268,39.91897404887866,21.377363110706785,16.75702752626335,7.180608858755546
2019-08-18,-0.5971197343390418,16.364519012802308,23.15427689764045,17.467627560171294,14.58765730464143,25.29842268812164,20.60722566817423,7.429640855726315,34.9150839588238,21.01910248655505,15.906398303447622,32.72360461365914,19.925227560175472,6.25931342469119,17.97456168934133,11.475578228096401,27.070970857969186,5.563030052892121,25.143493006985423,23.29769934146363,17.455021969409877,26.482962775427033,22.78339249301307,13.607005721650804,19.62746916358364,25.884278865590442,43.352753772359485,53.46817895449679,40.1245345714586,37.96822714481333,16.125593758995088,21.794435388244132,8.000442343450956,23.02936392686109,19.389448832617074,21.348277567107406,22.53154643239979,-2.555802078856793,27.23688380514041,13.534971427459661,29.707833483285853,21.2527849142528,41.672278770088845,22.95944686913071,29.057863294646324,28.101243218542933,28.74510097623415,32.0296432960436,8.19381546508262,23.9524985548384,5.053917302027248,25.044062326790172,23.713154726426158,27.74048888110063,15.878288712879574,17.316914476009686,9.466360436460452,9.400986403688968,33.882329425622615,26.88886550296337,11.89983530905883,36.880110442133436,33.95740689897795,13.719694401258032,5.928916344811407,26.812132350109977,26.62220874026429,29.776106126810888,3.019286553206922,45.614812347780486,23.12467683416629,17.357742922878355,20.545703259323854,8.415894816663632,21.89662106912061,32.427266622236566,16.930218012307673,17.18760232258623,23.690291411873496,24.04488496653648,20.25360750435095,39.054974029869875,18.903183646882717,12.036744944875132,12.880257773656137,-8.646464123048922,4.008446201545276,16.078751620815197,22.825984579361837,29.365954737960735,5.403370480915044,27.426793794620288,41.06161671087666,30.8246140461477,44.85589562090016,40.482028860336044,31.674182811262156,6.624906456972431,16.687303916808045,23.1590886774324
2019-08-25,-2.873520678409591,13.458869068008626,28.631828870732896,14.730455729993118,3.834740851933727,28.78014291476498,18.300264790365535,13.574980015189569,24.62973887778859,33.28498794570989,25.346174051423155,34.6449754713808,6.5408732671538985,1.821596925199887,9.953359440659193,4.481429626443905,38.1546442476414,11.570251283079617,39.2145530173207,36.13788714988428,23.289721911621385,22.39410923791695,18.812035990300178,23.56394694665542,18.180235078599953,22.832477474840534,33.86933954754718,50.89187546955757,44.566830843164425,39.10059933523511,15.022026003816617,21.44003704812156,7.364939274021969,28.619024014164914,28.455967193078486,14.155927101882343,22.507491834956248,25.979117577662585,24.03052775471796,16.973871241666853,29.438034682245977,17.488906857040092,27.959826968036126,48.69072492011083,25.69627544414346,23.799237860138273,18.07272169156742,25.186675802458787,11.982312444321124,25.882372996900983,9.268793092995999,30.816454724358167,32.86155437757844,29.30671424013973,21.94695066623696,14.249573386145606,13.201003184853224,5.679004162340403,31.26471132698807,26.368225188188923,17.53911123811522,34.64754343012547,33.81630081731578,4.1312056559785475,-4.958110144511695,16.051643533363876,26.927019911026512,21.479164370026254,15.3857770049335,25.75044763476586,6.8859141785875835,11.745424821404667,34.896777939868684,8.568680275772492,14.849922116365757,25.633857349077417,19.985968708641323,30.361150907291126,23.866923000662542,20.655190518060103,22.90997646361178,48.97113411487491,7.969257469911226,9.286702202924124,16.926181958663403,-11.033769393232673,0.6282699228473678,13.870399476023026,25.634916437064874,27.71513096484233,10.236155416318926,30.900627511084394,37.54284508073283,26.837883325211507,45.69575854418736,31.973428645666967,33.4207036408758,18.037671704504923,19.488221601812167,15.312179260676157
2019-09-01,5.828836134721441,13.502952176830494,23.861533070154117,17.47994814754794,12.342528629567163,32.74436667546548,17.420595098955197,1.2996237171941072,22.882039604837786,26.737160285612525,21.922429117930026,35.23317460063327,6.226627234322882,12.357907378832504,13.337543488294152,1.0652105676862433,32.39696625352609,13.414168529670286,34.74447976214556,28.202167994034248,18.17139598248892,13.251023546582893,30.881530524553206,17.650135699895827,26.68270538745056,20.53675798011114,42.77930441219828,47.00732071782408,37.75781867510454,34.36895339440229,25.096737725677055,20.6469137844515,9.987208353653871,33.44575545731018,20.25942569675861,30.682340136281404,29.01664889582794,13.77062143571044,34.7777987648154,16.659870178727406,47.281874457047955,21.574318536786347,34.41153486515571,34.525260381857166,25.41492813793964,34.13818519790778,25.32546639226772,33.71169917110667,7.5439358942069825,31.74209315247743,3.1183298595309163,19.696298039523757,21.60275422114656,26.488963907831398,17.994222221989503,23.179729256362027,13.739550031256476,15.197707064312052,16.699053893109866,40.4898960664127,7.256936721248213,34.31216170400525,24.2767240301935,8.117408528789554,5.79678734041879,23.014909899104275,22.26697771162174,30.45681178287332,11.24232572390514,34.00885977806479,18.145936924484083,11.175321525398681,24.423369820671777,5.967082433784585,25.692820608483224,20.375282856041096,23.842644383151782,23.181501390936404,14.515360011314696,39.01225057362976,10.265775541079792,46.45382051430794,-3.338920486803792,11.925218643204758,18.842469289253582,-4.060894305901706,-1.9123145115301003,19.987271496747297,19.94960852704819,21.562513275722925,5.767103525625059,40.436836761798176,37.472559862263644,38.918250402781446,33.31788181285933,37.20676623822173,22.161311645260227,10.771398063359324,13.297001875326538,15.071358017442543
2019-09-08,11.899778497165109,15.267207477608983,22.524672632127054,21.10793818324696,8.868540091816733,21.23008793965247,16.265066256513574,17.42083130424271,36.22107745220449,27.45829090970031,28.534090329975715,45.11434408575141,6.887310247909579,9.417450901776315,15.548979226477098,3.8031975112214162,34.40183176150528,3.066416564915592,34.5630201472386,25.668103220870517,19.703230954475345,9.615783199937843,19.621212819651433,31.460731474421106,18.269701637262653,23.658905829328177,33.405680430569056,45.967642370071424,39.60596344213978,35.88827825584979,17.25477680667647,17.3221683175128,12.250054040432843,34.597174807084315,15.324032957175714,24.652079750195252,29.005799501188378,16.981603186683653,34.84751517046044,16.87645589152658,37.728095309034096,19.90761630149456,32.926182727143335,32.55539172161702,11.136944335396096,30.103391741954283,21.621737162189252,24.548005650050683,16.24405672319058,21.287230365129027,11.403178257668241,20.64294869700332,32.49583648047089,41.101792250296874,8.096916373752796,16.07337390089956,22.774857273051673,10.851293947599878,26.68897354441013,33.02834357640376,10.004957110859912,24.82044857716207,20.59808392267133,20.661344545829746,-2.7255801138484435,7.539267361216815,30.56004067205964,20.883454042118245,7.867859842761461,30.169967618064884,21.883425068855193,17.42302019993349,18.385603239347066,0.07557938973260026,13.60417598897874,29.442232426029577,35.25335038422765,27.493461392497657,23.764690132427134,26.550371326560544,19.56296555087565,42.24803409074972,9.389915051048536,5.019640858135259,9.677389317613681,-2.1823028225194996,5.495245664126181,16.542706803032942,20.305963356057017,25.089385743608748,15.103809917249958,34.09857279446201,34.2806009360523,21.686699184496305,39.955762659155354,42.71560671890573,45.15313546325868,19.575397920435293,20.673337018528294,23.164259462497927
2019-09-15,-12.208209296699685,10.604184509813697,19.45331562632351,12.482007807160834,11.01525190975011,34.021823285084544,10.098271941203272,6.0307254518566396,29.10139812417752,17.76964075181322,6.27353217860435,32.10689794692688,-1.3866301971016997,-7.46183520774652,17.010307885462737,15.343995224056297,32.29189605315468,8.253809213321585,33.57341865138327,23.216339918256427,17.158370229598052,12.300622043263557,14.05180949410537,26.975198335179098,20.53059668229551,37.34258242933359,28.145058655530573,33.00804944808246,43.13462539355865,34.30073787694945,24.06084156811547,27.995492702308724,-1.5015396864745538,19.988242922244275,4.435254603807218,16.293234682875212,16.93300460944876,-0.269779032528632,26.72975633604377,21.432496521241806,27.55167396570325,25.603286641828618,35.53334804688029,29.89364248285604,10.334776646993419,20.705658049280025,33.82830173073615,26.12645108063547,11.752487203553326,21.122827270961203,-3.4082612225343807,25.584200977286315,35.10405251213347,35.15048355186391,23.346927528949095,14.990149903724175,14.619551666208631,9.575692314030645,20.50934689166919,21.89217226089214,0.2905242345204222,34.64129022268847,21.224468504621537,0.17101540998337228,-14.030887043877009,23.546241144531507,28.42674215504165,22.667791247267125,-2.7363665638901855,32.18129991970794,9.167510433378641,8.871994155196733,16.447973635148063,-1.9279842780087018,10.768927890328069,28.0860623684213,20.456464527987197,25.72428625491053,24.78927583180729,29.699642489813428,25.34096293836761,46.1601421570853,7.593834799681402,3.072954055877196,4.229447052048913,-2.1986334405336776,-0.21000078831164326,32.201955148845634,16.49685942776082,25.38072054198833,10.039717632057393,20.383357219786845,26.832802259356527,13.469096332365034,37.075703303165454,37.95516767186392,35.59398408114144,9.285891434603576,5.789086290691443,13.042565885485903
2019-09-22,2.262385122651634,6.786216472261295,25.417400854233307,20.620049336815946,14.654411900932498,26.087402333144283,17.953888268528427,17.44818092174289,25.00478015070277,24.075243677702915,32.66824764144001,37.79300191527202,12.960734088510042,6.908560097333603,21.63749644224331,12.858251213307486,30.804585381605758,7.201138072313715,32.50661058303298,30.515238319997344,17.664176322593228,15.471155796308063,20.98697836191554,24.926506068509582,29.56011428952165,20.489126925426895,41.932508287297914,40.1460584044134,36.786180218010536,36.48128419694093,10.986494240107794,16.295012802575627,7.163834696398815,23.0442945133455,24.006700555235454,14.294888035634923,22.10162428925638,8.213127304859322,37.00293020825387,8.813273478493452,37.777893577094495,29.7338945687516,43.810512981244614,33.98986889434008,29.56906507840976,19.48532314071136,22.09302463471545,27.192986651288006,13.168837427101781,11.336781432290527,10.94473706806235,32.746723164734895,27.507688718894617,40.59180822707397,21.575766242626845,10.512111168459088,12.741481207967377,6.216992678525301,26.39477847246928,33.126793425314766,15.343030004010767,28.066400639199998,24.325804136779436,6.881109649229602,8.093529987751332,14.703580702040549,25.16902007470713,21.498360741601694,-0.531897800406349,35.61993675357321,22.359194136678266,12.215895475139394,9.391083850600474,2.9920717610654037,15.790156269149346,27.31143918603643,28.10954926475049,21.001831960834885,20.65710725117104,27.045616943215027,10.24154823351204,46.40048897245033,5.971735355420642,1.535039247248804,4.5843095664261675,-2.841879222156809,9.233728146164902,27.92764773004266,13.978590927176747,24.35719559821438,14.20949668215966,38.223476479130355,43.14835796911277,27.531578103558836,45.32466259439049,30.50086846347714,37.76990521531784,25.95297114749087,13.488405199666762,26.26028288974358
2019-09-29,4.055215963677779,11.375682852102525,29.455495207074534,11.289013208879071,4.0548837089410785,32.876979775999644,15.090999269748927,-1.8272889573283324,23.75702118811285,38.744414948523,2.120788040621939,39.919734478547525,-0.0842788393013878,3.8759684736415942,16.97124838443821,-3.347050718050519,16.78908909775675,-2.219743224613717,28.06140585462473,11.256316741800592,16.860364303267428,14.457429109010992,17.565267644488454,20.04458753161303,8.09804228961209,18.14907163909476,31.793633963409913,42.38374448216894,34.372242342079694,43.143556207605094,16.942471930394582,14.897326224442567,5.839968060564622,31.630987826258433,5.142024745964406,11.149113786640866,15.704631693190418,1.9288066798781722,19.4801585635148,14.537142024977415,27.739309456946955,22.711368754524052,28.733484262476985,19.9033664819571,23.68971410152441,31.062885773805313,21.384229817641366,28.367632434304802,18.235965304311843,20.37415134734628,8.79006883531499,26.215820320680187,32.612257324104405,31.302747906464642,15.665457065849116,14.45678635741422,2.469279484503236,-1.8773226356130843,28.650056528909108,32.67956393005689,9.793633257068716,20.029800965419266,26.639597117023445,5.539518446451628,-12.49531332581552,15.725825973106168,26.369597857997128,23.683667949475016,-1.4516829678225496,27.668956943832974,4.72128422877457,18.029142382064222,14.160280242220676,9.302581271384577,12.732375311923725,33.24909977673846,6.39442636426841,20.644931444711112,11.178041706822867,17.901742669351876,3.834952414521652,35.454462513305586,14.947643961855459,-2.270063131097078,13.483263576853279,-20.3198185738175,16.049901996809584,20.372950289639068,20.919998984715953,29.205123544679516,3.190975163793256,30.00693240213739,28.800545857034564,17.020795724854583,24.897880330286448,31.94885061221603,35.10907510493013,19.00660026646227,10.233019804642243,17.050053752874927
2019-10-06,-0.5965557837227227,3.5834066257498716,11.142572103148815,9.265247619081688,-5.043687770454638,30.728079551523237,29.552800335316135,11.23001711963598,21.963059413028084,23.97417323371889,21.79322019908949,29.49709464453873,3.530269128557601,-12.770489583176822,5.696284372238711,-0.07040298418869506,28.9890815890753,-2.6543928970545156,32.76717474777292,21.12931681835671,25.849655368789023,4.627353082125125,3.064748014363376,3.1876586956154913,13.970104887627889,27.431019579844808,32.96919938001731,42.94771074835861,33.56470555949115,36.445916444323636,4.105356548581659,27.403017493039027,6.878150961906359,15.06716630154737,-1.795000959641495,16.62278499272457,16.93575148550736,3.6481188761485113,33.842403051418536,7.984502558244046,24.681372133905263,24.526360993312068,35.18933671579608,18.04136981817806,22.962966690692802,34.94381748195673,18.23778940732054,21.93886339530859,4.89466650430252,23.53486031809562,8.875712746830317,15.541390254023542,33.54199542119882,38.22806160104003,16.253967259197285,-2.6974885360945056,14.633646142966374,-7.886937643669149,26.77623482848783,32.2945904771251,14.04645246872092,7.958224641403142,15.990582743508838,10.15601958022988,-6.940941287911191,2.826599124872576,19.17952394271652,19.399210321118705,-10.877364624411019,41.596464082002626,16.792740635518708,11.502807615214444,8.46506250275998,-0.47628600062689364,9.955905390811207,18.313680354084955,16.743232126545415,27.192718000718568,14.224117455736181,18.448673766703045,11.884774283271407,43.9851266797494,2.058192411061105,-8.253675539699858,14.35826000971959,-19.16204050883069,7.3822951970409285,20.011732754943885,10.641090793075401,32.16699276328062,12.770862740009985,31.797552094598355,33.21840322245366,23.753211438441557,26.427811945228502,28.972769202641004,20.810287234025058,16.395615208499763,18.59873507005976,12.630795997622869
2019-10-13,2.3624929078144437,6.809427308034144,18.809585541291014,12.86276181636293,-3.5310000734469202,36.96428847939161,19.906503265915568,15.429686870752898,28.330991285741273,21.6059461743671,16.870776275135054,25.157745312252878,10.977755415895007,2.063425512235675,9.191292379620586,-4.045442780386944,24.98953524345047,-3.0232588566912293,33.49956710999981,16.31197388738856,32.81627347240514,19.463123720713977,13.81004201000179,8.783966740389735,16.967319763466598,11.807917738896256,41.92625829594162,47.75700968877831,46.238801019177714,34.59054515797254,19.971988085218577,29.641977935012306,4.573918085628902,19.90363955968423,19.89438166660274,17.853201099158156,23.237059040749376,7.479576116884271,21.4299588122092,21.037201447739022,18.71339241959025,30.350317733595286,33.28155582726382,26.311570157752506,18.475667955770284,31.447480767851204,25.57410897709955,38.49489936500093,10.343388818939701,21.020454010351706,5.0541602359538205,24.809247571584756,27.839357045251223,42.29347619708617,26.678918139035517,-1.2181713171187294,5.198313091559198,-3.3464836367889914,30.328534238436518,24.326447986240503,15.77966898564487,33.09209959487564,27.672585600885075,2.5644845583740317,-11.377478007844903,-3.8964323023329097,27.564507777748936,14.215280854580653,1.024489056483266,37.45910929039452,7.125947223711332,19.87639774389436,8.398747058877351,0.2044707767935403,8.520768945011966,26.616703731266785,14.630288750397227,39.39961990093962,13.961371755339261,24.72221635298814,12.12881082318153,48.79384275492202,7.709372532351523,-7.835192111494481,13.853250534644443,-6.437340471076334,-0.6891261684762746,16.66978890832085,13.868918791715043,29.81037085499232,8.379041346678953,17.169382095535003,29.011233317458302,31.729907743768024,38.49904120657903,39.052076074841096,31.710792148080372,32.067259307490026,13.884461106183815,16.035636118512674
